Rk,Name,Age,Tm,Lg,G,GS,CG,Inn,Ch,PO,A,E,DP,Fld%,Rtot,Rtot/yr,Rtz,Rdp,Rdrs,Rdrs/yr,Rpm,Rdp_1,Rgood,Rair,Rrange,Rthrow,RF/9,RF/G,Season
1,Cristhian Adames\adamecr01,25,COL,NL,1,1,0,7,2,1,1,0,0,1,0,-17,0,NA,0,0,0,0,0,0,0,0,2.57,2,2017
2,Ehire Adrianza\adriaeh01,27,MIN,AL,29,23,20,212.1,102,26,74,2,13,0.98,-2,-11,-2,0,-2,-11,0,0,-2,0,-1,0,4.24,3.45,2017
3,Nick Ahmed\ahmedni01,27,ARI,NL,48,41,38,381.2,189,44,140,5,29,0.974,6,19,5,1,6,19,5,1,0,-1,3,3,4.34,3.83,2017
4,Arismendy Alcantara\alcanar01,25,CIN,NL,6,1,0,21.1,11,2,9,0,1,1,1,56,1,0,3,169,2,0,1,0,1,1,4.64,1.83,2017
5,Alexi Amarista\amarial01,28,COL,NL,18,11,7,106.1,41,7,30,4,6,0.902,-1,-15,0,-1,-1,-11,-1,0,0,0,0,-1,3.13,2.06,2017
6,Tim Anderson\anderti01,24,CHW,AL,145,145,143,1264,588,197,363,28,85,0.952,-13,-12,-11,-2,-23,-22,-20,0,-3,1,-17,-3,3.99,3.86,2017
7,Elvis Andrus\andruel01,28,TEX,AL,157,157,145,1365.1,755,245,493,17,107,0.977,26,23,25,1,12,11,12,0,0,-1,5,9,4.86,4.7,2017
8,Orlando Arcia\arciaor01,22,MIL,NL,152,137,130,1240.1,688,253,415,20,103,0.971,18,17,15,3,4,4,2,4,-2,-1,0,3,4.85,4.39,2017
9,Christian Arroyo\arroych01,22,SFG,NL,10,9,9,82.2,32,12,19,1,3,0.969,-1,-7,-1,0,1,15,1,0,0,0,1,0,3.38,3.1,2017
10,Mike Aviles\avilemi01,36,MIA,NL,15,12,5,103,49,14,35,0,8,1,0,-5,0,0,-1,-12,-2,0,1,0,0,-2,4.28,3.27,2017
11,Erick Aybar\aybarer01,33,SDP,NL,99,93,79,793,399,117,273,9,63,0.977,-6,-9,-7,1,-8,-12,-8,1,-1,0,-7,-2,4.43,3.94,2017
12,Javier Baez\baezja01,24,CHC,NL,73,67,53,573.1,267,91,165,11,39,0.959,-4,-8,-4,0,2,4,3,1,-2,0,1,1,4.02,3.51,2017
13,Darwin Barney\barneda01,31,TOR,AL,10,5,2,54,27,12,13,2,4,0.926,-3,-56,-3,0,0,0,1,0,-1,1,1,-1,4.17,2.5,2017
14,Franklin Barreto\barrefr02,21,OAK,AL,11,9,8,89,52,16,33,3,10,0.942,-1,-8,-2,1,-1,-13,-1,0,0,-1,1,-2,4.96,4.45,2017
15,Gordon Beckham\beckhgo01,30,SEA,AL,4,2,1,19.1,5,2,3,0,0,1,0,-19,0,NA,0,0,0,0,0,0,0,0,2.33,1.25,2017
16,Tim Beckham\beckhti01,27,TOT,MLB,119,118,111,1047.1,475,140,317,18,66,0.962,1,1,4,-3,-7,-8,-5,-2,0,0,-2,-2,3.93,3.84,2017
17,Tim Beckham\beckhti01,27,TBR,AL,70,69,63,607,245,67,169,9,33,0.963,-4,-9,-2,-2,-6,-12,-6,-1,1,0,-4,-2,3.5,3.37,2017
18,Tim Beckham\beckhti01,27,BAL,AL,49,49,48,440.1,230,73,148,9,33,0.961,5,14,6,-1,-1,-3,1,-1,-1,0,2,0,4.52,4.51,2017
19,Andres Blanco\blancan01,33,PHI,NL,4,0,0,9.2,6,5,1,0,1,1,-1,-62,-1,0,-1,-124,-1,0,0,0,0,0,5.59,1.5,2017
20,Xander Bogaerts\bogaexa01,24,BOS,AL,146,142,141,1310.1,552,199,336,17,75,0.969,-10,-9,-8,-2,-11,-10,-9,-2,0,-1,-1,-8,3.67,3.66,2017
21,Alex Bregman\bregmal01,23,HOU,AL,30,21,19,214.2,93,31,58,4,14,0.957,-1,-4,-1,0,-2,-11,-1,0,-1,0,0,-1,3.73,2.97,2017
22,Asdrubal Cabrera\cabreas01,31,NYM,NL,45,44,37,386.2,184,49,124,11,31,0.94,-10,-29,-10,0,-7,-22,-7,0,0,-1,-5,-1,4.03,3.84,2017
23,Orlando Calixte\calixor01,25,SFG,NL,4,0,0,9,7,5,2,0,0,1,0,-40,0,0,0,0,0,0,0,0,0,0,7,1.75,2017
24,Johan Camargo\camarjo01,23,ATL,NL,26,23,17,205.1,81,16,64,1,10,0.988,3,16,3,0,1,6,1,0,0,0,-1,1,3.51,3.08,2017
25,Dusty Coleman\colemdu01,30,SDP,NL,27,19,16,175,99,28,67,4,16,0.96,3,23,2,1,4,27,4,0,0,0,5,-1,4.89,3.52,2017
26,Allen Cordoba\cordoal01,21,SDP,NL,28,15,11,159.1,68,26,38,4,13,0.941,-4,-27,-5,1,-1,-8,-2,0,1,0,-1,-1,3.62,2.29,2017
27,Carlos Correa\correca01,22,HOU,AL,108,108,102,946,418,127,282,9,62,0.978,8,11,7,1,10,13,5,3,2,0,7,-2,3.89,3.79,2017
28,Zack Cozart\cozarza01,31,CIN,NL,112,112,101,968,445,146,288,11,65,0.975,4,4,2,2,5,6,4,1,0,0,4,0,4.04,3.88,2017
29,Brandon Crawford\crawfbr01,30,SFG,NL,138,135,128,1201,606,221,374,11,85,0.982,-1,-1,-1,0,10,10,9,0,1,2,9,-2,4.46,4.31,2017
30,J.P. Crawford\crawfjp01,22,PHI,NL,6,6,6,55,28,8,20,0,5,1,0,4,0,0,-1,-22,-1,0,0,0,-1,0,4.58,4.67,2017
31,Charlie Culberson\culbech01,28,LAD,NL,11,1,1,34,23,6,16,1,5,0.957,1,35,1,0,1,35,1,0,0,0,1,0,5.82,2,2017
32,Chase d'Arnaud\darnach01,30,SDP,NL,10,8,6,72.2,35,17,16,2,6,0.943,-3,-56,-3,0,0,0,0,0,0,0,1,-1,4.09,3.3,2017
33,Paul DeJong\dejonpa01,23,STL,NL,86,85,79,747.1,353,111,233,9,56,0.975,3,4,3,0,0,0,1,-1,0,0,7,-6,4.14,4,2017
34,Daniel Descalso\descada01,30,ARI,NL,1,0,0,2,0,0,0,0,0,NA,0,0,0,NA,0,0,NA,0,NA,NA,NA,NA,0,0,2017
35,Ian Desmond\desmoia01,31,COL,NL,1,1,0,5.1,4,1,3,0,0,1,1,180,1,0,1,225,1,0,0,0,1,0,6.75,4,2017
36,Aledmys Díaz\diazal02,26,STL,NL,68,66,62,589,234,81,147,6,41,0.974,-5,-10,-4,-1,-6,-12,-5,-1,0,0,0,-5,3.48,3.35,2017
37,Wilmer Difo\difowi01,25,WSN,NL,57,52,51,473.1,247,76,165,6,24,0.976,5,14,6,-1,10,25,10,0,0,2,3,5,4.58,4.23,2017
38,Josh Donaldson\donaljo02,31,TOR,AL,4,2,0,18,6,4,2,0,0,1,0,20,0,0,0,0,0,0,0,0,0,0,3,1.5,2017
39,Stephen Drew\drewst01,34,WSN,NL,13,11,7,91.2,37,11,25,1,2,0.973,-2,-25,-1,-1,-1,-13,0,-1,0,0,-1,0,3.53,2.77,2017
40,Alcides Escobar\escobal02,30,KCR,AL,162,162,150,1404.1,685,202,468,15,97,0.978,-6,-5,-5,-1,-11,-9,-11,-1,1,-3,-23,14,4.29,4.14,2017
41,Eduardo Escobar\escobed01,28,MIN,AL,16,12,10,104,45,14,31,0,12,1,-1,-10,-1,0,-2,-23,-2,0,0,-1,0,-1,3.89,2.81,2017
42,Danny Espinosa\espinda01,30,TOT,MLB,4,1,1,14,7,0,6,1,0,0.857,0,26,0,0,-1,-85,-1,0,0,0,1,-1,3.86,1.5,2017
43,Danny Espinosa\espinda01,30,SEA,AL,2,1,1,10,5,0,4,1,0,0.8,0,12,0,0,-1,-120,-1,0,0,0,1,-1,3.6,2,2017
44,Danny Espinosa\espinda01,30,TBR,AL,2,0,0,4,2,0,2,0,0,1,0,60,0,NA,0,0,0,0,0,0,0,0,4.5,1,2017
45,Taylor Featherston\feathta01,27,TBR,AL,3,1,0,10,2,1,1,0,0,1,-1,-72,-1,0,0,0,0,0,0,0,0,0,1.8,0.67,2017
46,Ryan Flaherty\flahery01,30,BAL,AL,5,3,3,29,12,7,5,0,0,1,0,-4,0,0,0,0,0,0,0,0,0,0,3.72,2.4,2017
47,Pedro Florimon\floripe01,30,PHI,NL,2,1,1,13,6,1,5,0,0,1,0,-9,0,NA,0,0,0,0,0,0,1,0,4.15,3,2017
48,Logan Forsythe\forsylo01,30,LAD,NL,2,1,0,2.1,1,0,1,0,0,1,0,103,0,NA,0,0,0,0,0,0,0,0,3.86,0.5,2017
49,Nick Franklin\frankni01,26,MIL,NL,1,0,0,1,0,0,0,0,0,NA,0,0,0,NA,0,0,NA,0,NA,NA,NA,NA,0,0,2017
50,Adam Frazier\fraziad01,25,PIT,NL,1,1,0,7,5,2,2,1,0,0.8,0,-51,0,0,-1,-171,-1,0,0,0,-1,0,5.14,4,2017
51,Mike Freeman\freemmi01,29,CHC,NL,10,4,3,54.2,32,10,20,2,4,0.938,-1,-22,-1,0,1,22,1,0,0,0,1,0,4.94,3,2017
52,Freddy Galvis\galvifr01,27,PHI,NL,155,155,149,1359.1,637,226,404,7,94,0.989,-3,-3,-3,0,5,4,5,0,0,0,3,2,4.17,4.06,2017
53,Greg Garcia\garcigr01,27,STL,NL,12,8,7,79,31,9,21,1,7,0.968,-2,-29,-2,0,0,0,-1,0,1,0,-1,0,3.42,2.5,2017
54,Leury Garcia\garcile02,26,CHW,AL,2,2,2,19,7,1,5,1,1,0.857,0,0,0,0,0,0,0,0,0,0,0,0,2.84,3,2017
55,Ryan Goins\goinsry01,29,TOR,AL,87,75,67,670.1,320,104,212,4,49,0.988,-1,-2,-2,1,0,0,-2,0,2,-1,-1,-1,4.24,3.63,2017
56,Erik Gonzalez\gonzaer01,25,CLE,AL,11,3,3,41.2,16,3,11,2,4,0.875,0,9,0,0,0,0,0,0,0,0,0,0,3.02,1.27,2017
57,Marwin Gonzalez\gonzama01,28,HOU,AL,38,33,26,281.1,129,39,88,2,23,0.984,2,10,2,0,-4,-17,-4,0,0,0,-3,-1,4.06,3.34,2017
58,Phil Gosselin\gosseph01,28,TEX,AL,3,0,0,7,4,0,4,0,0,1,0,69,0,NA,0,0,0,0,0,-1,0,0,5.14,1.33,2017
59,Didi Gregorius\gregodi01,27,NYY,AL,135,132,119,1174.2,513,144,360,9,47,0.982,12,13,14,-2,8,8,11,-3,0,0,10,1,3.86,3.73,2017
60,Alen Hanson\hansoal01,24,PIT,NL,2,0,0,8,5,3,2,0,2,1,-1,-90,-1,0,0,0,0,0,0,0,0,0,5.63,2.5,2017
61,J.J. Hardy\hardyjj01,34,BAL,AL,71,70,63,612.2,291,86,200,5,48,0.983,4,9,5,-1,4,8,6,-1,-1,-2,4,4,4.2,4.03,2017
62,Adeiny Hechavarria\hechaad01,28,TOT,MLB,96,91,87,813.1,362,119,239,4,46,0.989,6,8,6,0,-6,-8,-5,0,-1,-1,0,-4,3.96,3.73,2017
63,Adeiny Hechavarria\hechaad01,28,MIA,NL,19,17,16,149.1,64,30,34,0,10,1,0,-3,0,0,0,0,0,0,0,0,2,-1,3.86,3.37,2017
64,Adeiny Hechavarria\hechaad01,28,TBR,AL,77,74,71,664,298,89,205,4,36,0.987,6,11,6,0,-6,-11,-5,0,-1,-1,-2,-3,3.98,3.82,2017
65,Cesar Hernandez\hernace02,27,PHI,NL,1,0,0,4,2,0,2,0,0,1,0,30,0,NA,1,300,1,0,0,0,1,0,4.5,2,2017
66,Enrique Hernandez\hernaen02,25,LAD,NL,24,16,10,150,74,21,50,3,5,0.959,1,11,2,-1,3,24,3,0,0,0,1,2,4.26,2.96,2017
67,Marco Hernandez\hernama02,24,BOS,AL,5,5,4,40,16,5,10,1,5,0.938,-1,-30,-1,0,1,30,1,0,0,1,1,0,3.38,3,2017
68,José Iglesias\iglesjo01,27,DET,AL,130,128,123,1116.1,538,199,332,7,83,0.987,-9,-10,-8,-1,-5,-5,-6,0,1,2,-5,-2,4.28,4.08,2017
69,Paul Janish\janispa01,34,BAL,AL,14,9,5,78,41,14,26,1,13,0.976,-3,-46,-4,1,-2,-31,-3,0,1,0,-2,-1,4.62,2.86,2017
70,Pete Kozma\kozmape01,29,TOT,MLB,14,4,3,51,19,5,13,1,6,0.947,-1,-12,-1,0,-2,-47,-2,0,0,-1,-2,-1,3.18,1.29,2017
71,Pete Kozma\kozmape01,29,NYY,AL,9,3,2,33,13,4,8,1,4,0.923,-1,-36,-1,0,-2,-73,-2,0,0,-1,-1,-1,3.27,1.33,2017
72,Pete Kozma\kozmape01,29,TEX,AL,5,1,1,18,6,1,5,0,2,1,1,33,1,0,0,0,0,0,0,0,-1,0,3,1.2,2017
73,Tzu-Wei Lin\lintz02,23,BOS,AL,6,6,5,55,18,2,16,0,2,1,0,-2,0,0,-2,-44,-2,0,0,0,-1,-1,2.95,3,2017
74,Francisco Lindor\lindofr01,23,CLE,AL,158,158,146,1377,611,210,391,10,111,0.984,10,8,8,2,7,6,4,3,0,1,0,3,3.93,3.8,2017
75,Dixon Machado\machadi01,25,DET,AL,32,25,25,230,108,51,55,2,11,0.981,-8,-40,-7,-1,-5,-26,-3,-2,0,0,-2,-1,4.15,3.31,2017
76,Deven Marrero\marrede01,26,BOS,AL,6,4,4,44,13,4,9,0,2,1,-1,-14,-1,0,0,0,0,0,0,0,0,0,2.66,2.17,2017
77,Ketel Marte\marteke01,23,ARI,NL,64,57,53,507.2,243,68,166,9,43,0.963,3,6,2,1,7,17,8,0,-1,1,5,2,4.15,3.66,2017
78,Michael Martinez\martimi02,34,CLE,AL,1,0,0,2,1,0,1,0,0,1,0,180,0,0,0,0,0,0,0,NA,0,0,4.5,1,2017
79,Alex Mejia\mejiaal01,26,STL,NL,7,3,3,35,18,6,12,0,6,1,0,-10,0,0,0,0,-1,0,1,0,-1,0,4.63,2.57,2017
80,Jordy Mercer\mercejo03,30,PIT,NL,144,143,132,1241.2,545,176,359,10,88,0.982,-2,-2,-3,1,-12,-12,-14,1,1,-1,-18,5,3.88,3.72,2017
81,Adalberto Mondesi\mondera02,21,KCR,AL,9,0,0,25.1,17,7,9,1,1,0.941,-2,-109,-1,-1,-3,-142,-1,-1,-1,0,0,-1,5.68,1.78,2017
82,Colin Moran\moranco01,24,HOU,AL,1,0,0,4,2,0,2,0,0,1,0,0,0,0,0,0,0,0,0,NA,0,-1,4.5,2,2017
83,Max Moroff\morofma01,24,PIT,NL,16,10,10,108,55,13,42,0,4,1,1,7,2,-1,2,22,2,0,0,0,4,-2,4.58,3.44,2017
84,Taylor Motter\motteta01,27,SEA,AL,39,31,28,287,120,42,76,2,18,0.983,-3,-10,-3,0,-4,-17,-6,1,1,0,-7,1,3.7,3.03,2017
85,Kristopher Negron\negrokr01,31,ARI,NL,5,3,3,32,18,3,14,1,5,0.944,1,26,1,0,-1,-38,-1,0,0,0,-1,0,4.78,3.4,2017
86,Gift Ngoepe\ngoepgi01,27,PIT,NL,6,2,2,26,12,6,6,0,1,1,0,-9,0,0,0,0,0,0,0,0,-1,0,4.15,2,2017
87,Eduardo Nunez\nunezed02,30,TOT,MLB,16,15,10,123,45,16,27,2,1,0.956,-3,-27,-3,0,-4,-39,-3,-1,0,-1,-2,-1,3.15,2.69,2017
88,Eduardo Nunez\nunezed02,30,SFG,NL,11,10,8,90,32,11,20,1,1,0.969,-3,-33,-3,0,-3,-40,-2,-1,0,-1,-1,-1,3.1,2.82,2017
89,Eduardo Nunez\nunezed02,30,BOS,AL,5,5,2,33,13,5,7,1,0,0.923,0,-11,0,0,-1,-36,-1,0,0,0,-1,0,3.27,2.4,2017
90,Chris Owings\owingch01,25,ARI,NL,54,51,40,433.2,194,43,140,11,18,0.943,-3,-8,-2,-1,-4,-11,-2,-1,-1,0,3,-6,3.8,3.39,2017
91,Cliff Pennington\pennicl01,33,LAA,AL,18,4,4,71,29,7,21,1,5,0.966,1,22,1,0,1,17,1,0,0,0,1,1,3.55,1.56,2017
92,Jose Peraza\perazjo01,23,CIN,NL,55,48,45,422.1,177,47,125,5,19,0.972,-8,-24,-6,-2,-6,-17,-4,-1,-1,0,-2,-2,3.67,3.13,2017
93,Hernan Perez\perezhe01,26,MIL,NL,7,5,3,44.2,24,11,12,1,4,0.958,1,27,0,1,0,0,0,1,-1,0,0,0,4.63,3.29,2017
94,Jace Peterson\peterja01,27,ATL,NL,4,4,3,34,14,4,9,1,0,0.929,-2,-53,-2,0,-1,-35,-1,0,0,0,0,-1,3.44,3.25,2017
95,Chad Pinder\pindech01,25,OAK,AL,22,18,14,156,84,29,51,4,9,0.952,-3,-20,-2,-1,-1,-8,0,-1,0,0,-1,1,4.62,3.64,2017
96,Jorge Polanco\polanjo01,23,MIN,AL,130,127,119,1119.2,507,154,335,18,70,0.964,-12,-13,-9,-3,-8,-9,-7,-2,1,0,-11,4,3.93,3.76,2017
97,Jurickson Profar\profaju01,24,TEX,AL,4,4,4,35,17,3,14,0,3,1,1,21,1,0,0,0,0,0,0,0,0,0,4.37,4.25,2017
98,Jack Reinheimer\reinhja01,24,ARI,NL,1,1,1,9,2,0,2,0,1,1,0,53,0,0,0,0,0,0,0,0,0,0,2,2,2017
99,Jose Reyes\reyesjo01,34,NYM,NL,80,71,65,630.1,260,75,182,3,34,0.988,-14,-27,-12,-2,-13,-25,-12,-1,0,0,-9,-3,3.67,3.21,2017
100,Matt Reynolds\reynoma03,26,NYM,NL,10,4,3,43,22,6,15,1,2,0.955,-2,-42,-1,-1,-2,-56,-2,0,0,0,-2,-1,4.4,2.1,2017
101,JT Riddle\riddljt01,25,MIA,NL,69,61,60,561.1,266,81,177,8,33,0.97,8,16,8,0,5,11,5,0,0,1,3,1,4.14,3.74,2017
102,Daniel Robertson\roberda10,23,TBR,AL,24,18,14,160,77,26,48,3,6,0.961,2,14,2,0,0,0,-1,0,1,0,-3,1,4.16,3.08,2017
103,Drew Robinson\robindr01,25,TEX,AL,6,0,0,9,5,3,2,0,0,1,0,27,0,NA,1,133,1,0,0,1,0,0,5,0.83,2017
104,Sean Rodriguez\rodrise01,32,PIT,NL,6,6,5,50,24,8,14,2,3,0.917,0,5,0,0,0,0,0,0,0,0,1,-1,3.96,3.67,2017
105,Miguel Rojas\rojasmi02,28,MIA,NL,77,70,61,612.2,320,118,192,10,57,0.969,-3,-5,-5,2,4,8,0,2,2,-1,-2,2,4.55,4.03,2017
106,Andrew Romine\rominan01,31,DET,AL,10,9,5,74,32,11,21,0,7,1,0,-6,-1,1,-2,-32,-2,0,0,0,-2,0,3.89,3.2,2017
107,Adam Rosales\rosalad01,34,TOT,MLB,65,59,52,514,262,80,173,9,42,0.966,-1,-2,-2,1,-3,-7,-3,0,0,-2,-3,1,4.43,3.89,2017
108,Adam Rosales\rosalad01,34,OAK,AL,55,50,46,439,226,70,148,8,36,0.965,0,0,-1,1,0,0,-1,0,1,-1,-1,1,4.47,3.96,2017
109,Adam Rosales\rosalad01,34,ARI,NL,10,9,6,75,36,10,25,1,6,0.972,-1,-14,-1,0,-3,-48,-2,0,-1,-1,-2,0,4.2,3.5,2017
110,Amed Rosario\rosaram01,21,NYM,NL,45,43,40,374.2,172,59,107,6,22,0.965,-2,-5,-2,0,-6,-19,-5,-1,0,1,-2,-4,3.99,3.69,2017
111,Addison Russell\russead02,23,CHC,NL,101,91,80,808.1,383,113,258,12,49,0.969,10,15,9,1,10,15,11,0,-1,0,9,3,4.13,3.67,2017
112,Tyler Saladino\saladty01,27,CHW,AL,13,12,12,107.2,51,19,32,0,7,1,2,21,2,0,0,0,0,0,0,0,0,1,4.26,3.92,2017
113,Adrian Sanchez\sanchad01,26,WSN,NL,8,4,1,35,29,10,18,1,4,0.966,2,69,1,1,2,69,2,0,0,0,1,1,7.2,3.5,2017
114,Yolmer Sanchez\sanchca01,25,CHW,AL,4,3,3,31,16,6,10,0,3,1,0,-4,0,0,1,39,1,0,0,0,1,0,4.65,4,2017
115,Luis Sardinas\sardilu01,24,SDP,NL,5,3,3,31.2,25,8,15,2,5,0.92,1,27,1,0,0,0,0,0,0,0,0,0,6.54,4.6,2017
116,Jonathan Schoop\schoojo01,25,BAL,AL,5,2,1,19,15,1,14,0,3,1,1,63,1,0,0,0,0,0,0,0,-1,0,7.11,3,2017
117,Corey Seager\seageco01,23,LAD,NL,138,134,118,1162,520,185,324,11,77,0.979,11,11,9,2,7,7,8,2,-3,2,2,4,3.94,3.69,2017
118,Jean Segura\segurje01,27,SEA,AL,124,124,115,1084,451,136,298,17,61,0.962,-3,-3,-2,-1,1,1,0,2,-1,-1,-8,8,3.6,3.5,2017
119,Marcus Semien\semiema01,26,OAK,AL,85,85,83,747,375,125,241,9,45,0.976,3,4,4,-1,-2,-3,1,-2,-1,-2,8,-5,4.41,4.31,2017
120,Andrelton Simmons\simmoan01,27,LAA,AL,158,158,144,1369.2,685,235,436,14,99,0.98,15,13,10,5,41,36,35,3,3,1,31,3,4.41,4.25,2017
121,Tyler Smith\smithty01,25,SEA,AL,6,4,4,40,22,5,17,0,4,1,2,63,2,0,2,60,2,0,0,0,1,1,4.95,3.67,2017
122,Eric Sogard\sogarer01,31,MIL,NL,26,20,6,159.2,83,29,54,0,9,1,-1,-8,0,-1,3,23,3,0,0,1,1,1,4.68,3.19,2017
123,Yangervis Solarte\solarya01,29,SDP,NL,28,24,13,199,91,32,55,4,18,0.956,-3,-17,-4,1,-1,-6,-2,1,0,0,-1,-1,3.93,3.11,2017
124,Trevor Story\storytr01,24,COL,NL,142,133,125,1185.1,610,191,408,11,101,0.982,9,9,6,3,12,12,8,1,3,1,10,-3,4.55,4.22,2017
125,Dee Strange-Gordon\gordode01,29,MIA,NL,3,2,1,16.1,8,1,7,0,1,1,-1,-81,-1,0,0,0,0,0,0,0,0,0,4.41,2.67,2017
126,Eugenio Suarez\suareeu01,25,CIN,NL,1,0,0,3.1,2,0,2,0,0,1,0,144,0,NA,0,0,0,0,0,0,0,0,5.4,2,2017
127,Dansby Swanson\swansda01,23,ATL,NL,142,135,132,1202,572,195,357,20,83,0.965,-8,-8,-8,0,-4,-4,-5,2,-1,4,-10,1,4.13,3.89,2017
128,Chris Taylor\tayloch03,26,LAD,NL,14,10,8,96.1,51,11,37,3,8,0.941,2,24,2,0,-2,-25,-1,0,-1,0,-2,1,4.48,3.43,2017
129,Ruben Tejada\tejadru01,27,BAL,AL,36,29,24,262,116,37,77,2,18,0.983,-3,-15,-3,0,-1,-5,-1,-1,1,0,-1,0,3.92,3.17,2017
130,Kelby Tomlinson\tomlike01,27,SFG,NL,11,8,5,69.1,24,5,18,1,4,0.958,-1,-19,-1,0,-1,-17,-1,0,0,0,1,-2,2.99,2.09,2017
131,Ramon Torres\torrera01,24,KCR,AL,3,0,0,8,7,1,6,0,1,1,1,75,1,0,-1,-150,-1,0,0,0,0,0,7.88,2.33,2017
132,Ronald Torreyes\torrero01,24,NYY,AL,36,26,16,221,91,28,62,1,12,0.989,-1,-5,0,-1,-2,-11,0,-1,-1,1,0,-1,3.67,2.5,2017
133,Troy Tulowitzki\tulowtr01,32,TOR,AL,64,64,56,562,264,68,188,8,41,0.97,5,12,5,0,7,15,6,1,0,0,6,1,4.1,4,2017
134,Trea Turner\turnetr01,24,WSN,NL,95,95,94,846.2,376,134,234,8,57,0.979,-9,-13,-8,-1,2,3,2,-1,1,0,8,-6,3.91,3.87,2017
135,Richard Urena\urenari01,21,TOR,AL,20,16,15,160.2,78,34,42,2,12,0.974,-3,-19,-3,0,-5,-37,-5,0,0,0,-4,0,4.26,3.8,2017
136,Gio Urshela\urshegi01,25,CLE,AL,5,1,1,20,10,2,8,0,2,1,0,24,0,0,1,60,1,0,0,0,1,0,4.5,2,2017
137,Pat Valaika\valaipa01,24,COL,NL,22,16,10,133.2,61,13,47,1,10,0.984,3,22,3,0,0,0,0,0,0,-1,0,1,4.04,2.73,2017
138,Zach Vincej\vinceza01,26,CIN,NL,3,1,1,15,6,2,4,0,0,1,1,72,1,NA,0,0,0,0,0,0,0,0,3.6,2,2017
139,Tyler Wade\wadety01,22,NYY,AL,7,1,1,20,6,3,3,0,0,1,0,-24,0,0,0,0,0,0,0,0,0,-1,2.7,0.86,2017
140,Ben Zobrist\zobribe01,36,CHC,NL,5,0,0,11,4,2,2,0,1,1,-1,-55,-1,0,0,0,0,0,0,0,0,0,3.27,0.8,2017
NA,LgAvg,NA,NA,NA,19,18,16,156,74,24,48,2,11,0.974,0,0,0,0,0,0,0,0,0,0,0,0,4.13,3.72,2017
1,Willy Adames\adamewi01,22,TBR,AL,75,72,66,628.2,246,72,161,13,38,0.947,0,0,-1,1,-8,-15,-10,1,1,0,-9,-1,3.34,3.11,2018
2,Ehire Adrianza\adriaeh01,28,MIN,AL,64,60,55,534,206,61,138,7,30,0.966,-9,-19,-7,-2,-4,-9,-4,0,0,0,-3,0,3.35,3.11,2018
3,Nick Ahmed\ahmedni01,28,ARI,NL,148,135,133,1239.2,606,165,432,9,98,0.985,22,21,19,3,28,27,23,2,3,-1,9,15,4.33,4.03,2018
4,Hanser Alberto\alberha01,25,TEX,AL,5,3,2,30,18,7,10,1,3,0.944,0,-4,0,0,0,0,0,0,0,0,-1,0,5.1,3.4,2018
5,Tim Anderson\anderti01,25,CHW,AL,151,151,144,1329.1,600,188,392,20,72,0.967,1,1,4,-3,12,11,14,-1,-1,-1,10,5,3.93,3.84,2018
6,Elvis Andrus\andruel01,29,TEX,AL,97,96,87,832.2,413,139,263,11,77,0.973,1,2,-3,4,3,4,-3,3,3,0,-6,3,4.35,4.14,2018
7,Orlando Arcia\arciaor01,23,MIL,NL,116,92,77,852.1,412,154,243,15,57,0.964,11,15,9,2,7,10,9,0,-2,2,2,5,4.19,3.42,2018
8,Abiatal Avelino\aveliab01,23,SFG,NL,3,2,1,19,9,3,6,0,0,1,0,25,0,NA,1,63,1,0,0,0,0,0,4.26,3,2018
9,Javier Baez\baezja01,25,CHC,NL,65,52,32,462.2,230,67,155,8,29,0.965,-4,-11,-4,0,4,10,2,1,1,1,1,0,4.32,3.42,2018
10,Franklin Barreto\barrefr02,22,OAK,AL,2,1,1,16,6,3,3,0,0,1,0,-15,0,NA,0,0,0,0,0,0,0,0,3.38,3,2018
11,Gordon Beckham\beckhgo01,31,SEA,AL,2,1,1,11,11,3,8,0,1,1,1,142,1,0,1,109,1,0,0,0,0,1,9,5.5,2018
12,Tim Beckham\beckhti01,28,BAL,AL,49,46,45,404.2,206,80,114,12,31,0.942,-4,-11,-4,0,-4,-12,-4,0,0,-1,-1,-2,4.31,3.96,2018
13,Alex Blandino\blandal01,25,CIN,NL,11,6,3,60.2,34,12,20,2,8,0.941,1,24,1,0,-1,-20,0,0,-1,0,1,-1,4.75,2.91,2018
14,Xander Bogaerts\bogaexa01,25,BOS,AL,136,134,122,1183.1,509,163,336,10,65,0.98,-4,-4,-4,0,-8,-8,-8,-2,2,0,-9,1,3.8,3.67,2018
15,David Bote\boteda01,25,CHC,NL,2,1,1,10,5,2,3,0,1,1,-1,-60,-1,0,0,0,0,0,0,0,0,0,4.5,2.5,2018
16,Alex Bregman\bregmal01,24,HOU,AL,28,23,18,217.1,83,22,58,3,10,0.964,0,1,0,0,0,0,0,0,0,1,2,-3,3.31,2.86,2018
17,Asdrubal Cabrera\cabreas01,32,PHI,NL,31,25,14,204.1,80,20,59,1,18,0.988,0,0,0,0,-6,-35,-6,1,-1,0,-6,0,3.48,2.55,2018
18,Johan Camargo\camarjo01,24,ATL,NL,18,15,13,140.1,62,25,35,2,13,0.968,-2,-15,-3,1,1,9,0,1,0,0,3,-3,3.85,3.33,2018
19,Daniel Castro\castrda01,25,COL,NL,1,0,0,1,0,0,0,0,0,NA,0,0,0,NA,0,0,NA,0,NA,NA,NA,NA,0,0,2018
20,Harold Castro\castrha01,24,DET,AL,4,1,0,12.1,8,3,5,0,1,1,1,68,1,0,0,0,0,0,0,0,0,0,5.84,2,2018
21,Carlos Correa\correca01,23,HOU,AL,109,109,102,959,380,106,268,6,43,0.984,15,18,16,-1,11,14,12,0,-1,0,4,8,3.51,3.43,2018
22,Kaleb Cowart\cowarka01,26,LAA,AL,5,2,2,27.1,11,4,7,0,2,1,-1,-40,-1,0,0,0,0,0,0,0,0,0,3.62,2.2,2018
23,Zack Cozart\cozarza01,32,LAA,AL,15,11,10,107,48,17,30,1,8,0.979,-3,-28,-3,0,-1,-11,-1,0,0,0,0,-1,3.95,3.13,2018
24,Brandon Crawford\crawfbr01,31,SFG,NL,146,141,132,1259,643,192,435,16,105,0.975,1,1,-1,2,-4,-4,-8,0,4,1,-9,0,4.48,4.29,2018
25,J.P. Crawford\crawfjp01,23,PHI,NL,30,27,18,229.2,116,36,72,8,18,0.931,0,1,-1,1,-3,-16,-3,0,0,0,1,-4,4.23,3.6,2018
26,Charlie Culberson\culbech01,29,ATL,NL,20,15,13,150.2,49,21,26,2,4,0.959,-2,-18,-1,-1,-3,-24,-3,0,0,0,-2,0,2.81,2.35,2018
27,Chase d'Arnaud\darnach01,31,SFG,NL,1,0,0,1,0,0,0,0,0,NA,0,0,0,NA,0,0,NA,0,NA,NA,NA,NA,0,0,2018
28,Paul DeJong\dejonpa01,24,STL,NL,114,111,110,1005.1,454,153,289,12,64,0.974,0,0,0,0,6,7,6,-1,1,3,7,-3,3.96,3.88,2018
29,Ian Desmond\desmoia01,32,COL,NL,3,1,0,9,1,0,1,0,0,1,0,-40,0,0,0,0,0,0,0,0,0,0,1,0.33,2018
30,Aledmys Díaz\diazal02,27,TOR,AL,95,90,78,800,352,124,221,7,55,0.98,-4,-6,-4,0,-4,-6,-4,1,-1,0,-3,-1,3.88,3.63,2018
31,Wilmer Difo\difowi01,26,WSN,NL,9,4,3,45,22,10,12,0,3,1,-2,-40,-2,0,-2,-53,-1,0,-1,0,-1,0,4.4,2.44,2018
32,Brandon Drury\drurybr01,25,TOR,AL,1,1,0,7,3,1,2,0,1,1,0,69,0,0,0,0,0,0,0,0,0,0,3.86,3,2018
33,Matt Duffy\duffyma01,27,TBR,AL,1,0,0,0.1,0,0,0,0,0,NA,0,0,0,NA,0,0,0,0,NA,NA,0,0,0,0,2018
34,Alcides Escobar\escobal02,31,KCR,AL,104,104,97,905.1,381,129,243,9,49,0.976,-15,-20,-13,-2,-21,-28,-20,0,-1,-1,-16,-3,3.7,3.58,2018
35,Eduardo Escobar\escobed01,29,MIN,AL,21,20,19,185.2,70,26,43,1,10,0.986,-5,-33,-5,0,-8,-52,-6,-1,-1,0,-4,-2,3.34,3.29,2018
36,David Fletcher\fletcda02,24,LAA,AL,7,3,3,34,10,2,8,0,2,1,-3,-99,-3,0,-2,-71,-2,0,0,0,1,-3,2.65,1.43,2018
37,Pedro Florimon\floripe01,31,PHI,NL,21,8,7,104,56,18,36,2,11,0.964,1,9,0,1,-4,-46,-4,0,0,0,-4,0,4.67,2.57,2018
38,Nolan Fontana\fontano01,27,LAA,AL,2,1,1,14.1,7,3,3,1,2,0.857,-2,-134,-2,0,1,84,0,0,1,0,1,-1,3.77,3,2018
39,Freddy Galvis\galvifr01,28,SDP,NL,160,157,150,1401,630,222,399,9,80,0.986,-1,-1,0,-1,2,2,4,-3,1,-1,2,3,3.99,3.88,2018
40,Greg Garcia\garcigr01,28,STL,NL,17,13,8,114,52,16,34,2,12,0.962,2,20,1,1,0,0,-1,1,0,0,1,-2,3.95,2.94,2018
41,Leury Garcia\garcile02,27,CHW,AL,5,3,3,29,16,2,14,0,2,1,2,62,2,0,0,0,0,0,0,0,0,0,4.97,3.2,2018
42,Ryan Goins\goinsry01,30,KCR,AL,4,0,0,8,1,0,1,0,0,1,-1,-150,-1,NA,0,0,0,0,0,0,0,0,1.13,0.25,2018
43,Erik Gonzalez\gonzaer01,26,CLE,AL,16,5,5,67,28,8,20,0,4,1,1,9,1,0,1,18,1,0,0,0,1,0,3.76,1.75,2018
44,Marwin Gonzalez\gonzama01,29,HOU,AL,39,29,25,269.2,98,27,65,6,14,0.939,-2,-8,-1,-1,-7,-31,-7,0,0,0,0,-7,3.07,2.36,2018
45,Niko Goodrum\goodrni01,26,DET,AL,12,10,6,75.2,27,9,16,2,4,0.926,-1,-17,-1,0,-2,-32,-2,0,0,0,0,-1,2.97,2.08,2018
46,Didi Gregorius\gregodi01,28,NYY,AL,132,130,121,1149.1,475,160,309,6,54,0.987,4,4,4,0,2,2,3,-1,0,1,9,-7,3.67,3.55,2018
47,Javy Guerra\guerrja02,22,SDP,NL,7,5,2,44,25,12,11,2,3,0.92,-2,-63,-2,0,0,0,-1,0,1,1,-2,0,4.7,3.29,2018
48,Lourdes Gurriel Jr.\gurrilo01,24,TOR,AL,46,40,36,351.1,155,43,105,7,20,0.955,-8,-26,-6,-2,-8,-27,-10,-1,3,0,-5,-5,3.79,3.22,2018
49,Yuli Gurriel\gourryu01,34,HOU,AL,2,1,1,9,4,1,3,0,1,1,0,53,0,NA,0,0,0,0,0,0,0,0,4,2,2018
50,Jedd Gyorko\gyorkje01,29,STL,NL,5,4,2,31,11,5,4,2,0,0.818,-1,-50,-1,0,-1,-39,-1,0,0,1,0,-2,2.61,1.8,2018
51,Garrett Hampson\hampsga01,23,COL,NL,8,5,4,49.1,16,1,14,1,1,0.938,1,29,1,0,0,0,0,0,0,0,0,1,2.74,1.88,2018
52,Alen Hanson\hansoal01,25,SFG,NL,16,12,9,105.1,49,16,33,0,6,1,1,7,1,0,0,0,0,0,0,0,1,-1,4.19,3.06,2018
53,Adeiny Hechavarria\hechaad01,29,TOT,MLB,92,80,67,717.1,272,83,185,4,40,0.985,4,6,4,0,1,1,-3,1,3,0,-2,-1,3.36,2.91,2018
54,Adeiny Hechavarria\hechaad01,29,TOT,MLB,77,68,58,604.1,234,67,164,3,33,0.987,3,7,3,0,1,1,-3,1,3,0,-2,-1,3.44,3,2018
55,Adeiny Hechavarria\hechaad01,29,TBR,AL,61,57,53,512.1,194,51,141,2,28,0.99,4,8,4,0,1,2,-2,1,2,0,0,-2,3.37,3.15,2018
56,Adeiny Hechavarria\hechaad01,29,PIT,NL,15,12,9,113,38,16,21,1,7,0.974,0,2,0,0,0,0,0,0,0,0,-1,1,2.95,2.47,2018
57,Adeiny Hechavarria\hechaad01,29,NYY,AL,16,11,5,92,40,16,23,1,5,0.975,0,-4,0,0,0,0,-1,0,1,0,-1,0,3.82,2.44,2018
58,Enrique Hernandez\hernaen02,26,LAD,NL,22,17,13,159,60,26,33,1,11,0.983,-4,-26,-4,0,0,0,1,-1,0,0,1,0,3.34,2.68,2018
59,Brock Holt\holtbr01,30,BOS,AL,23,19,12,153,55,18,36,1,3,0.982,-2,-13,-1,-1,-1,-8,0,-1,0,0,-1,1,3.18,2.35,2018
60,José Iglesias\iglesjo01,28,DET,AL,122,120,116,1055.1,472,148,316,8,63,0.983,9,10,8,1,0,0,0,1,-1,0,-1,1,3.96,3.8,2018
61,Isiah Kiner-Falefa\kineris01,23,TEX,AL,2,2,2,17,13,6,6,1,3,0.923,0,14,0,0,1,71,1,0,0,0,1,0,6.35,6,2018
62,Scott Kingery\kingesc01,24,PHI,NL,119,101,83,887,358,98,251,9,45,0.975,-5,-6,-4,-1,1,1,0,0,1,-1,2,-2,3.54,2.93,2018
63,Pete Kozma\kozmape01,30,DET,AL,15,12,9,105,53,18,35,0,7,1,4,42,4,0,1,11,1,0,0,0,-1,2,4.54,3.53,2018
64,Tzu-Wei Lin\lintz02,24,BOS,AL,23,9,9,122.1,58,18,37,3,8,0.948,-1,-8,-1,0,-4,-39,-4,0,0,0,-2,-1,4.05,2.39,2018
65,Francisco Lindor\lindofr01,24,CLE,AL,157,157,145,1386.1,586,189,383,14,82,0.976,1,1,0,1,6,5,5,0,1,0,3,1,3.71,3.64,2018
66,Manny Machado\machama01,25,TOT,MLB,147,145,130,1261.1,563,194,357,12,73,0.979,-13,-12,-10,-3,-10,-9,-8,-2,0,0,-6,-3,3.93,3.75,2018
67,Manny Machado\machama01,25,BAL,AL,96,96,87,837,396,141,247,8,54,0.98,-12,-18,-10,-2,-10,-14,-10,-1,1,-1,-7,-2,4.17,4.04,2018
68,Manny Machado\machama01,25,LAD,NL,51,49,43,424.1,167,53,110,4,19,0.976,0,-1,1,-1,0,0,2,-1,-1,1,1,-1,3.46,3.2,2018
69,Ketel Marte\marteke01,24,ARI,NL,28,27,14,222.1,102,21,78,3,15,0.971,4,22,4,0,-2,-11,-1,-1,0,-1,0,0,4.01,3.54,2018
70,Russell Martin\martiru01,35,TOR,AL,3,1,1,10,2,1,1,0,0,1,0,0,0,NA,0,0,0,0,0,0,0,0,1.8,0.67,2018
71,Jordy Mercer\mercejo03,31,PIT,NL,117,116,104,995.2,434,151,273,10,50,0.977,-4,-5,-1,-3,-5,-6,-3,-2,0,0,-5,3,3.83,3.62,2018
72,Brad Miller\millebr02,28,MIL,NL,6,5,1,34,13,6,4,3,1,0.769,-2,-56,-2,0,-1,-35,-1,0,0,0,-1,0,2.65,1.67,2018
73,Adalberto Mondesi\mondera02,22,KCR,AL,61,58,58,518.2,276,100,169,7,36,0.975,-7,-16,-6,-1,-6,-14,-6,-1,1,-1,-4,-1,4.67,4.41,2018
74,Max Moroff\morofma01,25,PIT,NL,6,3,3,34.1,14,4,10,0,3,1,1,21,1,0,0,0,0,0,0,0,0,0,3.67,2.33,2018
75,Taylor Motter\motteta01,28,MIN,AL,1,1,1,9,5,1,4,0,0,1,1,67,1,NA,0,0,0,0,0,0,0,0,5,5,2018
76,Yairo Munoz\munozya01,23,STL,NL,40,34,29,305,130,49,73,8,24,0.938,-4,-17,-4,0,-5,-20,-3,-1,-1,1,-1,-3,3.6,3.05,2018
77,Kristopher Negron\negrokr01,32,SEA,AL,2,0,0,9,6,2,4,0,1,1,0,-13,0,NA,0,0,0,0,0,0,0,0,6,3,2018
78,Kevin Newman\newmake01,24,PIT,NL,24,19,18,182.2,68,25,40,3,9,0.956,-2,-13,-2,0,-4,-26,-4,0,0,0,0,-4,3.2,2.71,2018
79,Gift Ngoepe\ngoepgi01,28,TOR,AL,6,2,1,23,16,5,11,0,5,1,2,78,1,1,0,0,0,0,0,0,1,0,6.26,2.67,2018
80,Nate Orf\orfna01,28,MIL,NL,2,1,0,12,4,2,2,0,1,1,1,50,1,0,0,0,0,0,0,0,0,0,3,2,2018
81,Cliff Pennington\pennicl01,34,CIN,NL,5,1,1,19,3,1,2,0,1,1,-1,-32,-1,0,0,0,0,0,0,0,0,0,1.42,0.6,2018
82,Jose Peraza\perazjo01,24,CIN,NL,156,152,138,1329,586,161,403,22,85,0.962,-13,-11,-10,-3,-3,-3,-2,0,-1,0,-11,8,3.82,3.62,2018
83,Hernan Perez\perezhe01,27,MIL,NL,20,15,4,132.2,53,18,33,2,11,0.962,-1,-11,-1,0,1,9,1,0,0,1,1,-2,3.46,2.55,2018
84,Jace Peterson\peterja01,28,BAL,AL,3,1,1,16,7,3,4,0,2,1,-1,-68,-1,0,-1,-75,-1,0,0,0,1,-1,3.94,2.33,2018
85,Gregorio Petit\petitgr01,33,MIN,AL,9,5,4,50.1,26,11,13,2,4,0.923,1,14,0,1,-1,-24,-1,0,0,0,0,-1,4.29,2.67,2018
86,Chad Pinder\pindech01,26,OAK,AL,3,3,2,26,14,3,9,2,1,0.857,-1,-32,-1,0,-1,-46,-1,0,0,0,-1,0,4.15,4,2018
87,Jorge Polanco\polanjo01,24,MIN,AL,76,76,74,664.1,275,90,172,13,42,0.953,-2,-3,-1,-1,-8,-14,-3,-1,-4,-1,0,-2,3.55,3.45,2018
88,Jurickson Profar\profaju01,25,TEX,AL,68,61,60,544.2,218,57,148,13,29,0.94,-10,-21,-9,-1,-8,-18,-2,-2,-4,-1,5,-6,3.39,3.01,2018
89,Roman Quinn\quinnro01,25,PHI,NL,1,0,0,1.1,0,0,0,0,0,NA,0,0,0,0,0,0,0,0,NA,0,0,0,0,0,2018
90,Jack Reinheimer\reinhja01,25,NYM,NL,3,2,2,19,7,1,6,0,1,1,1,69,1,0,0,0,0,0,0,0,0,0,3.32,2.33,2018
91,Jose Reyes\reyesjo01,35,NYM,NL,25,19,14,170,66,15,48,3,6,0.955,-2,-12,-2,0,-2,-14,-2,0,0,0,-2,-1,3.34,2.52,2018
92,JT Riddle\riddljt01,26,MIA,NL,95,75,69,691.1,348,115,227,6,47,0.983,6,11,6,0,10,17,10,-1,1,0,5,5,4.45,3.6,2018
93,Yadiel Rivera\riverya01,26,MIA,NL,28,8,5,93.1,53,16,33,4,8,0.925,5,59,4,1,3,39,3,0,0,0,2,1,4.73,1.75,2018
94,Daniel Robertson\roberda10,24,TBR,AL,29,25,23,230,88,14,68,6,9,0.932,-1,-6,0,-1,-1,-5,1,-1,-1,-1,4,-2,3.21,2.83,2018
95,Drew Robinson\robindr01,26,TEX,AL,1,0,0,6.2,2,0,1,1,0,0.5,-1,-144,-1,0,-1,-180,-1,0,0,0,-1,0,1.35,1,2018
96,Ronny Rodriguez\rodriro03,26,DET,AL,24,19,17,177,76,25,45,6,5,0.921,-2,-16,-1,-1,-6,-41,-6,0,0,0,-4,-2,3.56,2.92,2018
97,Sean Rodriguez\rodrise01,33,PIT,NL,16,11,10,108.1,54,15,36,3,9,0.944,0,3,-1,1,0,0,0,0,0,0,2,-1,4.24,3.19,2018
98,Miguel Rojas\rojasmi02,29,MIA,NL,83,78,42,657.1,320,123,195,2,31,0.994,3,6,3,0,3,5,2,0,1,0,0,2,4.35,3.83,2018
99,Andrew Romine\rominan01,32,SEA,AL,18,10,10,103,46,18,27,1,7,0.978,0,0,0,0,0,0,0,0,0,0,0,0,3.93,2.5,2018
100,Jose Rondon\rondojo02,24,CHW,AL,10,6,5,58.2,23,6,17,0,5,1,-1,-16,-1,0,-1,-20,-1,0,0,-1,-1,0,3.53,2.3,2018
101,Adam Rosales\rosalad01,35,CLE,AL,2,0,0,4,1,1,0,0,0,1,-1,-300,-1,NA,0,0,0,0,0,0,0,0,2.25,0.5,2018
102,Amed Rosario\rosaram01,22,NYM,NL,146,141,134,1271.2,508,160,332,16,58,0.969,-6,-6,-4,-2,-9,-8,-4,-2,-3,-1,-3,0,3.48,3.37,2018
103,Addison Russell\russead02,24,CHC,NL,129,110,97,1003.2,488,157,314,17,66,0.965,6,7,6,0,16,19,18,0,-2,2,14,2,4.22,3.65,2018
104,Tyler Saladino\saladty01,28,MIL,NL,28,25,23,222.2,113,38,68,7,13,0.938,2,12,1,1,2,11,2,1,-1,0,-1,2,4.28,3.79,2018
105,Yolmer Sanchez\sanchca01,26,CHW,AL,4,2,2,20,7,2,4,1,1,0.857,-1,-48,-1,0,-2,-120,-2,0,0,0,-2,0,2.7,1.5,2018
106,Jonathan Schoop\schoojo01,26,TOT,MLB,17,11,3,74.1,40,14,25,1,5,0.975,1,8,1,0,-1,-16,0,0,-1,0,-1,1,4.72,2.29,2018
107,Jonathan Schoop\schoojo01,26,BAL,AL,2,0,0,3,2,1,1,0,1,1,0,-80,0,0,0,0,0,0,0,0,0,0,6,1,2018
108,Jonathan Schoop\schoojo01,26,MIL,NL,15,11,3,71.1,38,13,24,1,4,0.974,1,12,1,0,-1,-17,0,0,-1,0,-1,1,4.67,2.47,2018
109,Corey Seager\seageco01,24,LAD,NL,25,24,22,221.1,93,26,64,3,11,0.968,2,8,1,1,-1,-5,-1,0,0,-1,0,-1,3.66,3.6,2018
110,Jean Segura\segurje01,28,SEA,AL,144,144,133,1260.2,545,141,387,17,68,0.969,11,10,9,2,-2,-2,-3,3,-2,-3,-8,8,3.77,3.67,2018
111,Marcus Semien\semiema01,27,OAK,AL,159,158,157,1423.2,676,198,458,20,79,0.97,7,6,6,1,11,9,11,1,-1,0,12,-2,4.15,4.13,2018
112,Andrelton Simmons\simmoan01,28,LAA,AL,145,145,134,1254.2,610,228,372,10,114,0.984,3,3,-4,7,17,16,10,6,1,1,6,3,4.3,4.14,2018
113,Eric Sogard\sogarer01,32,MIL,NL,24,14,8,136,53,13,39,1,8,0.981,2,15,2,0,-1,-9,-1,0,0,0,-1,0,3.44,2.17,2018
114,Yangervis Solarte\solarya01,30,TOR,AL,7,5,4,42,21,7,14,0,3,1,0,-6,0,0,0,0,0,0,0,0,0,1,4.5,3,2018
115,Cory Spangenberg\spangco01,27,SDP,NL,1,0,0,2,0,0,0,0,0,NA,0,0,0,NA,0,0,NA,0,NA,NA,NA,NA,0,0,2018
116,Trevor Story\storytr01,25,COL,NL,156,156,147,1372.2,626,197,416,13,92,0.979,3,3,3,0,7,6,5,1,1,-2,12,-5,4.02,3.93,2018
117,Dee Strange-Gordon\gordode01,30,SEA,AL,8,7,7,65,30,10,20,0,3,1,1,11,1,0,0,0,1,-1,0,0,-1,2,4.15,3.75,2018
118,Eugenio Suarez\suareeu01,26,CIN,NL,3,1,0,11,5,2,3,0,0,1,0,-11,0,0,-1,-109,-1,0,0,0,-1,0,4.09,1.67,2018
119,Dansby Swanson\swansda01,24,ATL,NL,136,132,125,1165.2,525,165,350,10,77,0.981,6,6,6,0,9,9,8,0,1,0,5,3,3.98,3.79,2018
120,Chris Taylor\tayloch03,27,LAD,NL,81,73,70,671.1,302,95,197,10,28,0.967,6,10,8,-2,6,11,7,-1,0,2,2,4,3.91,3.6,2018
121,Kelby Tomlinson\tomlike01,28,SFG,NL,13,7,4,77,43,15,28,0,8,1,1,16,1,0,2,31,2,0,0,-1,2,1,5.03,3.31,2018
122,Gleyber Torres\torregl01,21,NYY,AL,21,15,13,152,69,22,42,5,8,0.928,-2,-14,-2,0,-2,-16,-3,0,1,0,-2,0,3.79,3.05,2018
123,Ronald Torreyes\torrero01,25,NYY,AL,9,5,4,53,25,3,22,0,5,1,1,25,1,0,0,0,0,0,0,0,-1,1,4.25,2.78,2018
124,Blake Trahan\trahabl01,24,CIN,NL,5,2,2,21.1,9,4,5,0,3,1,0,6,0,0,0,0,0,0,0,0,0,0,3.8,1.8,2018
125,Trea Turner\turnetr01,25,WSN,NL,159,158,153,1401,615,204,399,12,70,0.98,-5,-4,-3,-2,8,7,10,-3,1,0,8,1,3.87,3.79,2018
126,Richard Urena\urenari01,22,TOR,AL,20,15,14,135.1,54,16,35,3,6,0.944,-1,-12,0,-1,1,9,1,0,0,0,0,0,3.39,2.55,2018
127,Gio Urshela\urshegi01,26,TOR,AL,8,8,4,65,17,5,11,1,0,0.941,-1,-22,-1,0,-3,-55,-2,0,-1,0,-2,0,2.22,2,2018
128,Pat Valaika\valaipa01,25,COL,NL,7,1,1,20.1,12,3,9,0,4,1,0,-6,0,0,1,59,1,0,0,0,0,1,5.31,1.71,2018
129,Jesmuel Valentin\valenje01,24,PHI,NL,4,1,1,19.1,4,0,4,0,0,1,0,-6,0,0,1,62,1,0,0,0,0,0,1.86,1,2018
130,Breyvic Valera\valerbr01,26,BAL,AL,2,1,1,9,1,1,0,0,0,1,0,0,0,0,0,0,0,0,0,0,0,0,1,0.5,2018
131,Ildemaro Vargas\vargail01,26,ARI,NL,1,0,0,1,0,0,0,0,0,NA,0,0,0,NA,0,0,0,0,NA,NA,0,0,0,0,2018
132,Andrew Velazquez\velazan01,23,TBR,AL,2,1,0,9,6,0,6,0,0,1,1,133,1,NA,1,133,1,0,0,NA,1,0,6,3,2018
133,Engelb Vielma\vielmen01,24,BAL,AL,2,0,0,2,0,0,0,0,0,NA,0,0,0,NA,0,0,0,0,NA,NA,0,0,0,0,2018
134,Christian Villanueva\villach01,27,SDP,NL,4,0,0,10,5,1,4,0,0,1,0,-48,0,0,-1,-120,-1,0,0,0,0,-1,4.5,1.25,2018
135,Jonathan Villar\villajo01,27,BAL,AL,18,18,17,157.1,85,33,49,3,11,0.965,3,24,3,0,1,8,1,0,0,0,-1,2,4.69,4.56,2018
136,Tyler Wade\wadety01,23,NYY,AL,2,1,1,10,3,0,3,0,0,1,0,12,0,0,0,0,0,0,0,0,0,0,2.7,1.5,2018
137,Joey Wendle\wendljo01,28,TBR,AL,10,7,5,68,31,5,24,2,7,0.935,0,-7,0,0,-1,-18,-1,0,0,0,0,-1,3.84,2.9,2018
138,Stevie Wilkerson\wilkest01,26,BAL,AL,1,0,0,2,2,1,1,0,1,1,0,0,0,0,0,0,0,0,0,0,0,0,9,2,2018
NA,LgAvg,NA,NA,NA,20,18,16,159,71,23,46,2,10,0.972,0,0,0,0,0,0,0,0,0,0,0,0,3.91,3.51,2018
1,Willy Adames\adamewi01,23,TBR,AL,152,145,137,1314.2,562,157,388,17,68,0.97,19,17,20,-1,13,12,10,1,2,NA,NA,NA,3.73,3.59,2019
2,Ehire Adrianza\adriaeh01,29,MIN,AL,24,16,13,152,74,17,54,3,10,0.959,2,17,2,0,-2,-16,-3,0,1,NA,NA,NA,4.2,2.96,2019
3,Nick Ahmed\ahmedni01,29,ARI,NL,158,155,146,1381,632,207,412,13,79,0.979,13,11,13,0,18,16,18,0,0,NA,NA,NA,4.03,3.92,2019
4,Jose Altuve\altuvjo01,29,HOU,AL,1,0,0,2,1,0,0,1,0,0,0,-180,0,NA,0,0,0,0,0,NA,NA,NA,0,0,2019
5,Tim Anderson\anderti01,26,CHW,AL,122,122,114,1050,532,182,324,26,75,0.951,-9,-10,-7,-2,-9,-10,-12,2,1,NA,NA,NA,4.34,4.15,2019
6,Elvis Andrus\andruel01,30,TEX,AL,146,146,140,1279.1,597,205,379,13,80,0.978,-3,-3,-3,0,-6,-6,-3,-1,-2,NA,NA,NA,4.11,4,2019
7,Orlando Arcia\arciaor01,24,MIL,NL,150,139,126,1241.1,572,208,350,14,79,0.976,-3,-3,-3,0,3,3,1,0,2,NA,NA,NA,4.05,3.72,2019
8,Luis Arraez\arraelu01,22,MIN,AL,8,3,3,35,16,4,11,1,5,0.938,0,14,0,0,-1,-34,-1,0,0,NA,NA,NA,3.86,1.88,2019
9,Humberto Arteaga\arteahu01,25,KCR,AL,36,31,29,286.1,123,42,78,3,13,0.976,-7,-28,-6,-1,-2,-8,-1,-1,0,NA,NA,NA,3.77,3.33,2019
10,Abiatal Avelino\aveliab01,24,SFG,NL,1,1,1,8,5,2,3,0,1,1,0,0,0,0,0,0,0,0,0,NA,NA,NA,5.63,5,2019
11,Javier Baez\baezja01,26,CHC,NL,129,128,118,1116.2,546,165,366,15,88,0.973,11,12,7,4,15,16,8,4,3,NA,NA,NA,4.28,4.12,2019
12,Franklin Barreto\barrefr02,23,OAK,AL,5,1,1,23,9,2,6,1,3,0.889,-1,-26,-1,0,-1,-52,-1,0,0,NA,NA,NA,3.13,1.6,2019
13,Gordon Beckham\beckhgo01,32,DET,AL,18,16,16,151.1,72,23,46,3,10,0.958,-3,-23,-2,-1,-5,-40,-4,0,-1,NA,NA,NA,4.1,3.83,2019
14,Tim Beckham\beckhti01,29,SEA,AL,41,39,37,344.1,176,60,104,12,25,0.932,-6,-20,-7,1,-8,-28,-6,-1,-1,NA,NA,NA,4.29,4,2019
15,Jon Berti\bertijo01,29,MIA,NL,32,26,21,241.2,107,43,62,2,16,0.981,-1,-6,-1,0,1,5,0,0,1,NA,NA,NA,3.91,3.28,2019
16,Bo Bichette\bichebo01,21,TOR,AL,42,42,40,361.2,171,58,106,7,23,0.959,1,4,2,-1,3,10,2,0,1,NA,NA,NA,4.08,3.9,2019
17,Xander Bogaerts\bogaexa01,26,BOS,AL,153,153,139,1368,525,165,347,13,70,0.975,-9,-7,-8,-1,-21,-18,-20,-1,0,NA,NA,NA,3.37,3.35,2019
18,David Bote\boteda01,26,CHC,NL,9,1,1,28.1,12,4,7,1,1,0.917,1,34,1,0,0,0,0,0,0,NA,NA,NA,3.49,1.22,2019
19,Alex Bregman\bregmal01,25,HOU,AL,65,59,42,495,210,63,144,3,21,0.986,4,10,4,0,-2,-5,-1,-1,0,NA,NA,NA,3.76,3.18,2019
20,Johan Camargo\camarjo01,25,ATL,NL,25,21,18,192.2,91,27,63,1,14,0.989,-3,-17,-3,0,-2,-12,-1,0,-1,NA,NA,NA,4.2,3.6,2019
21,Harold Castro\castrha01,25,DET,AL,2,2,2,17,13,7,6,0,2,1,0,-7,0,0,0,0,0,0,0,NA,NA,NA,6.88,6.5,2019
22,Starlin Castro\castrst01,29,MIA,NL,3,2,1,18,5,2,3,0,0,1,0,-7,0,0,0,0,0,0,0,NA,NA,NA,2.5,1.67,2019
23,Willi Castro\castrwi01,22,DET,AL,29,28,28,253,107,36,67,4,17,0.963,-5,-23,-5,0,-4,-19,-2,-1,-1,NA,NA,NA,3.66,3.55,2019
24,Yu Chang\changyu01,23,CLE,AL,8,0,0,18,3,1,2,0,1,1,-1,-33,-1,0,0,0,0,0,0,NA,NA,NA,1.5,0.38,2019
25,Carlos Correa\correca01,24,HOU,AL,75,75,68,642.1,273,95,176,2,34,0.993,4,8,5,-1,1,2,1,-1,1,NA,NA,NA,3.8,3.61,2019
26,Zack Cozart\cozarza01,33,LAA,AL,5,3,2,33,12,8,3,1,1,0.917,-2,-58,-2,0,0,0,0,0,0,NA,NA,NA,3,2.2,2019
27,Brandon Crawford\crawfbr01,32,SFG,NL,142,137,129,1233,572,190,366,16,81,0.972,-10,-10,-8,-2,0,0,2,-3,1,NA,NA,NA,4.06,3.92,2019
28,J.P. Crawford\crawfjp01,24,SEA,AL,93,92,90,806.1,395,110,273,12,46,0.97,3,4,3,0,-6,-9,-5,-1,0,NA,NA,NA,4.27,4.12,2019
29,Charlie Culberson\culbech01,30,ATL,NL,7,6,6,54.1,31,8,22,1,2,0.968,-2,-38,-1,-1,0,0,1,-1,0,NA,NA,NA,4.97,4.29,2019
30,Paul DeJong\dejonpa01,25,STL,NL,157,156,145,1372,653,211,435,7,119,0.989,14,12,11,3,14,12,14,2,-2,NA,NA,NA,4.24,4.11,2019
31,Rafael Devers\deverra01,22,BOS,AL,1,0,0,2,0,0,0,0,0,NA,0,0,0,NA,0,0,NA,0,NA,NA,NA,NA,0,0,2019
32,Aledmys Díaz\diazal02,28,HOU,AL,5,2,2,22,11,2,7,2,0,0.818,-1,-55,-1,0,0,0,0,0,0,NA,NA,NA,3.68,1.8,2019
33,Wilmer Difo\difowi01,27,WSN,NL,33,30,30,279,99,30,68,1,11,0.99,-1,-4,-1,0,-6,-26,-4,-1,-1,NA,NA,NA,3.16,2.97,2019
34,Brandon Drury\drurybr01,26,TOR,AL,5,3,3,35,17,6,11,0,0,1,0,14,0,0,1,34,1,0,0,NA,NA,NA,4.37,3.4,2019
35,Mauricio Dubon\dubonma01,24,TOT,MLB,10,7,6,61,27,7,19,1,1,0.963,-1,-18,-1,0,-1,-19,-1,0,0,NA,NA,NA,3.84,2.6,2019
36,Mauricio Dubon\dubonma01,24,MIL,NL,1,0,0,1,0,0,0,0,0,NA,0,0,0,NA,0,0,NA,0,NA,NA,NA,NA,0,0,2019
37,Mauricio Dubon\dubonma01,24,SFG,NL,9,7,6,60,27,7,19,1,1,0.963,-1,-18,-1,0,-1,-20,-1,0,0,NA,NA,NA,3.9,2.89,2019
38,Matt Duffy\duffyma01,28,TBR,AL,1,0,0,5,0,0,0,0,0,NA,0,0,0,NA,0,0,NA,0,NA,NA,NA,NA,0,0,2019
39,Thairo Estrada\estrath01,23,NYY,AL,9,4,3,45,20,7,12,1,1,0.95,-1,-24,-1,0,0,0,0,0,0,NA,NA,NA,3.8,2.11,2019
40,Kyle Farmer\farmeky01,28,CIN,NL,1,0,0,1,1,1,0,0,0,1,0,0,0,NA,0,0,0,0,0,NA,NA,NA,9,1,2019
41,David Fletcher\fletcda02,25,LAA,AL,39,27,22,246.1,113,37,75,1,13,0.991,0,1,0,0,1,5,1,0,0,NA,NA,NA,4.09,2.87,2019
42,Logan Forsythe\forsylo01,32,TEX,AL,15,10,10,104.2,42,10,30,2,10,0.952,0,-5,0,0,0,0,0,0,0,NA,NA,NA,3.44,2.67,2019
43,Mike Freeman\freemmi01,31,CLE,AL,9,8,5,66.1,20,7,12,1,1,0.95,1,13,1,0,0,0,0,0,0,NA,NA,NA,2.58,2.11,2019
44,Freddy Galvis\galvifr01,29,TOT,MLB,110,106,100,939.2,435,136,293,6,65,0.986,5,6,4,1,-2,-2,-4,0,2,NA,NA,NA,4.11,3.9,2019
45,Freddy Galvis\galvifr01,29,TOR,AL,103,102,98,898.1,423,133,284,6,63,0.986,5,7,4,1,-3,-4,-5,0,2,NA,NA,NA,4.18,4.05,2019
46,Freddy Galvis\galvifr01,29,CIN,NL,7,4,2,41.1,12,3,9,0,2,1,-1,-15,-1,0,1,29,1,0,0,NA,NA,NA,2.61,1.71,2019
47,Greg Garcia\garcigr01,29,SDP,NL,9,4,2,41,21,7,13,1,2,0.952,-1,-18,-1,0,1,29,1,0,0,NA,NA,NA,4.39,2.22,2019
48,Leury Garcia\garcile02,28,CHW,AL,19,16,15,146.2,71,21,46,4,14,0.944,-1,-11,-2,1,2,16,1,1,0,NA,NA,NA,4.11,3.53,2019
49,Ryan Goins\goinsry01,31,CHW,AL,14,9,8,88,40,10,28,2,11,0.95,-2,-31,-2,0,3,41,1,1,1,NA,NA,NA,3.89,2.71,2019
50,Erik Gonzalez\gonzaer01,27,PIT,NL,26,23,19,209.1,88,22,63,3,16,0.966,6,33,5,1,3,17,2,1,0,NA,NA,NA,3.65,3.27,2019
51,Marwin Gonzalez\gonzama01,30,MIN,AL,1,1,1,9,5,0,5,0,0,1,1,93,1,NA,0,0,0,0,0,NA,NA,NA,5,5,2019
52,Niko Goodrum\goodrni01,27,DET,AL,38,37,36,326.2,167,42,117,8,12,0.952,4,16,6,-2,3,11,4,-1,0,NA,NA,NA,4.38,4.18,2019
53,Phil Gosselin\gosseph01,30,PHI,NL,5,4,4,41.2,15,6,8,1,2,0.933,-2,-66,-2,0,-2,-58,-2,0,0,NA,NA,NA,3.02,2.8,2019
54,Didi Gregorius\gregodi01,29,NYY,AL,80,78,75,688.1,280,93,181,6,48,0.979,-4,-8,-5,1,-6,-10,-6,0,0,NA,NA,NA,3.58,3.43,2019
55,Luis Guillorme\guilllu01,24,NYM,NL,8,5,4,48.2,17,5,12,0,2,1,0,0,0,0,1,25,1,0,0,NA,NA,NA,3.14,2.13,2019
56,Garrett Hampson\hampsga01,24,COL,NL,15,10,10,101.1,42,16,25,1,4,0.976,1,13,1,0,1,12,0,0,1,NA,NA,NA,3.64,2.73,2019
57,Adeiny Hechavarria\hechaad01,30,TOT,MLB,27,18,17,182,79,20,55,4,14,0.949,-1,-7,-1,0,-2,-13,-3,0,1,NA,NA,NA,3.71,2.78,2019
58,Adeiny Hechavarria\hechaad01,30,NYM,NL,15,6,5,69,39,10,26,3,6,0.923,-2,-31,-2,0,-3,-52,-3,0,0,NA,NA,NA,4.7,2.4,2019
59,Adeiny Hechavarria\hechaad01,30,ATL,NL,12,12,12,113,40,10,29,1,8,0.975,1,7,1,0,1,11,0,0,1,NA,NA,NA,3.11,3.25,2019
60,Enrique Hernandez\hernaen02,27,LAD,NL,11,6,5,67,34,13,21,0,4,1,0,2,0,0,1,18,1,0,0,NA,NA,NA,4.57,3.09,2019
61,Marco Hernandez\hernama02,26,BOS,AL,2,0,0,3,3,1,2,0,0,1,0,160,0,NA,0,0,0,0,0,NA,NA,NA,9,1.5,2019
62,Rosell Herrera\herrero02,26,MIA,NL,1,1,1,8,4,0,4,0,2,1,0,-45,0,0,-1,-150,-1,0,0,NA,NA,NA,4.5,4,2019
63,Nico Hoerner\hoernni01,22,CHC,NL,17,17,16,151.1,71,19,50,2,9,0.972,-5,-42,-4,-1,-2,-16,-1,-1,0,NA,NA,NA,4.1,4.06,2019
64,Brock Holt\holtbr01,31,BOS,AL,6,3,2,33,20,4,16,0,2,1,1,40,1,0,1,36,1,0,0,NA,NA,NA,5.45,3.33,2019
65,José Iglesias\iglesjo01,29,CIN,NL,144,136,116,1169.2,455,122,324,9,62,0.98,8,8,8,0,8,8,6,1,1,NA,NA,NA,3.43,3.1,2019
66,Jung Ho Kang\kangju01,32,PIT,NL,15,10,6,81.2,42,16,24,2,4,0.952,-2,-29,-2,0,-1,-15,-1,0,0,NA,NA,NA,4.41,2.67,2019
67,Carter Kieboom\kieboca01,21,WSN,NL,10,10,10,90,40,15,21,4,4,0.9,-4,-52,-4,0,-7,-93,-6,0,-1,NA,NA,NA,3.6,3.6,2019
68,Scott Kingery\kingesc01,25,PHI,NL,18,12,9,119.1,60,17,41,2,11,0.967,0,1,0,0,2,20,2,0,0,NA,NA,NA,4.37,3.22,2019
69,Domingo Leyba\leybado01,23,ARI,NL,2,1,0,9,4,0,4,0,0,1,1,80,1,NA,0,0,0,0,0,NA,NA,NA,4,2,2019
70,Tzu-Wei Lin\lintz02,25,BOS,AL,2,1,1,10,3,0,3,0,0,1,0,0,0,NA,0,0,0,0,0,NA,NA,NA,2.7,1.5,2019
71,Francisco Lindor\lindofr01,25,CLE,AL,137,137,127,1196.1,481,159,312,10,68,0.979,5,5,3,2,9,9,5,0,4,NA,NA,NA,3.54,3.44,2019
72,Nicky Lopez\lopezni01,24,KCR,AL,33,29,25,261,124,37,86,1,22,0.992,-4,-20,-4,0,0,0,-2,1,1,NA,NA,NA,4.24,3.73,2019
73,Manny Machado\machama01,26,SDP,NL,37,35,31,299,110,40,67,3,11,0.973,-7,-28,-5,-2,-2,-8,0,-1,-1,NA,NA,NA,3.22,2.89,2019
74,Deven Marrero\marrede01,28,MIA,NL,2,1,0,9,3,1,2,0,1,1,0,0,0,0,0,0,0,0,0,NA,NA,NA,3,1.5,2019
75,Ketel Marte\marteke01,25,ARI,NL,11,5,2,60,27,7,20,0,4,1,-1,-24,-1,0,0,0,0,0,0,NA,NA,NA,4.05,2.45,2019
76,Richie Martin\martiri01,24,BAL,AL,117,89,65,785,342,108,224,10,46,0.971,-8,-12,-5,-3,-8,-12,-7,-1,0,NA,NA,NA,3.81,2.84,2019
77,Jack Mayfield\mayfija01,28,HOU,AL,21,12,8,131,52,18,33,1,4,0.981,-1,-11,0,-1,1,9,0,0,1,NA,NA,NA,3.5,2.43,2019
78,Erick Mejia\mejiaer01,24,KCR,AL,1,0,0,1,1,1,0,0,0,1,0,0,0,0,0,0,0,0,0,NA,NA,NA,9,1,2019
79,Seth Mejias-Brean\mejiase01,28,SDP,NL,3,2,2,19,8,3,4,1,2,0.875,0,-19,0,0,1,63,1,0,0,NA,NA,NA,3.32,2.33,2019
80,Danny Mendick\mendida01,25,CHW,AL,5,3,3,32,16,6,10,0,5,1,-1,-34,-1,0,0,0,0,0,0,NA,NA,NA,4.5,3.2,2019
81,Jordy Mercer\mercejo03,32,DET,AL,59,58,55,510.1,222,66,149,7,29,0.968,-6,-13,-7,1,-9,-21,-8,1,-2,NA,NA,NA,3.79,3.64,2019
82,Brad Miller\millebr02,29,PHI,NL,1,0,0,2,1,0,1,0,0,1,0,120,0,NA,1,600,1,0,0,NA,NA,NA,4.5,1,2019
83,Adalberto Mondesi\mondera02,23,KCR,AL,100,99,94,852.2,440,147,286,7,66,0.984,3,5,1,2,10,14,8,1,1,NA,NA,NA,4.57,4.33,2019
84,Dylan Moore\mooredy01,26,SEA,AL,31,25,23,238.2,121,34,83,4,20,0.967,2,10,2,0,-5,-25,-3,-1,-1,NA,NA,NA,4.41,3.77,2019
85,Max Moroff\morofma01,26,CLE,AL,10,3,2,39,16,6,10,0,2,1,-1,-25,-1,0,-2,-62,-2,0,0,NA,NA,NA,3.69,1.6,2019
86,Yairo Munoz\munozya01,24,STL,NL,17,6,5,72,43,12,30,1,7,0.977,1,8,1,0,2,33,2,0,0,NA,NA,NA,5.25,2.47,2019
87,Kristopher Negron\negrokr01,33,LAD,NL,4,1,0,15,7,2,5,0,3,1,0,8,0,0,0,0,0,0,0,NA,NA,NA,4.2,1.75,2019
88,Kevin Newman\newmake01,25,PIT,NL,104,93,78,824.1,369,124,235,10,43,0.973,-4,-6,-3,-1,-6,-9,-7,0,1,NA,NA,NA,3.92,3.45,2019
89,Eduardo Nunez\nunezed02,32,BOS,AL,6,1,1,19,8,3,5,0,0,1,1,69,1,0,0,0,0,0,0,NA,NA,NA,3.79,1.33,2019
90,Chris Owings\owingch01,27,TOT,MLB,10,7,7,60,28,8,19,1,5,0.964,1,14,1,0,1,20,1,0,0,NA,NA,NA,4.05,2.7,2019
91,Chris Owings\owingch01,27,KCR,AL,3,3,3,24,11,5,6,0,3,1,0,10,0,0,1,50,1,0,0,NA,NA,NA,4.13,3.67,2019
92,Chris Owings\owingch01,27,BOS,AL,7,4,4,36,17,3,13,1,2,0.941,1,17,1,0,0,0,0,0,0,NA,NA,NA,4,2.29,2019
93,Jose Peraza\perazjo01,25,CIN,NL,39,22,15,226,81,23,56,2,11,0.975,2,12,2,0,3,16,3,0,0,NA,NA,NA,3.15,2.03,2019
94,Hernan Perez\perezhe01,28,MIL,NL,21,10,7,119.2,37,15,20,2,3,0.946,-3,-25,-3,0,0,0,0,0,0,NA,NA,NA,2.63,1.67,2019
95,Chad Pinder\pindech01,27,OAK,AL,3,0,0,7,3,1,2,0,0,1,0,51,0,NA,0,0,0,0,0,NA,NA,NA,3.86,1,2019
96,Jorge Polanco\polanjo01,25,MIN,AL,142,139,126,1233,506,141,343,22,57,0.957,-6,-6,-2,-4,1,1,0,-1,2,NA,NA,NA,3.53,3.41,2019
97,Luis Rengifo\rengilu01,22,LAA,AL,12,11,3,83,48,17,28,3,2,0.938,1,13,1,0,1,14,2,0,-1,NA,NA,NA,4.88,3.75,2019
98,Pablo Reyes\reyespa01,25,PIT,NL,2,0,0,6,3,0,3,0,0,1,0,60,0,0,-1,-200,-1,0,0,NA,NA,NA,4.5,1.5,2019
99,JT Riddle\riddljt01,27,MIA,NL,12,7,6,71,24,9,13,2,1,0.917,-2,-25,-2,0,0,0,-1,0,1,NA,NA,NA,2.79,1.83,2019
100,Yadiel Rivera\riverya01,27,MIA,NL,8,3,3,36,6,2,3,1,0,0.833,-2,-63,-2,0,-1,-33,-1,0,0,NA,NA,NA,1.25,0.63,2019
101,Daniel Robertson\roberda10,25,TBR,AL,16,9,5,84.2,35,7,26,2,4,0.943,2,28,2,0,-1,-14,0,-1,0,NA,NA,NA,3.51,2.06,2019
102,Brendan Rodgers\rodgebr02,22,COL,NL,9,5,4,56,26,10,14,2,3,0.923,-1,-19,-1,0,-3,-64,-3,0,0,NA,NA,NA,3.86,2.67,2019
103,Ronny Rodriguez\rodriro03,27,DET,AL,20,20,19,174.2,77,19,54,4,10,0.948,-2,-14,-2,0,-2,-14,-1,0,-1,NA,NA,NA,3.76,3.65,2019
104,Sean Rodriguez\rodrise01,34,PHI,NL,11,5,5,78,37,11,26,0,4,1,1,18,1,0,2,31,2,0,0,NA,NA,NA,4.27,3.36,2019
105,Miguel Rojas\rojasmi02,30,MIA,NL,125,122,110,1060.2,476,178,287,11,74,0.977,5,6,1,4,12,14,12,1,-1,NA,NA,NA,3.95,3.72,2019
106,Jose Rondon\rondojo02,25,CHW,AL,15,11,8,96,41,12,27,2,5,0.951,0,1,0,0,-2,-25,-1,0,-1,NA,NA,NA,3.66,2.6,2019
107,Amed Rosario\rosaram01,23,NYM,NL,152,151,138,1337.1,548,161,370,17,72,0.969,-10,-9,-11,1,-16,-14,-14,0,-2,NA,NA,NA,3.57,3.49,2019
108,Addison Russell\russead02,25,CHC,NL,21,16,13,143.2,66,18,43,5,8,0.924,-3,-23,-3,0,2,17,2,0,0,NA,NA,NA,3.82,2.9,2019
109,Tyler Saladino\saladty01,29,MIL,NL,13,9,3,76.1,44,18,25,1,7,0.977,1,19,1,0,0,0,0,0,0,NA,NA,NA,5.07,3.31,2019
110,Adrian Sanchez\sanchad01,28,WSN,NL,2,0,0,5,1,0,1,0,0,1,0,48,0,NA,0,0,0,0,0,NA,NA,NA,1.8,0.5,2019
111,Danny Santana\santada01,28,TEX,AL,9,6,5,54,24,8,14,2,5,0.917,-1,-27,-1,0,-2,-44,-2,0,0,NA,NA,NA,3.67,2.44,2019
112,Corey Seager\seageco01,25,LAD,NL,132,125,111,1082.2,457,138,304,15,59,0.967,10,11,10,0,9,10,6,2,1,NA,NA,NA,3.67,3.35,2019
113,Jean Segura\segurje01,29,PHI,NL,142,141,129,1212.2,546,175,351,20,83,0.963,-2,-2,-3,1,-5,-5,-4,0,-1,NA,NA,NA,3.9,3.7,2019
114,Marcus Semien\semiema01,28,OAK,AL,161,161,154,1435,634,186,436,12,85,0.981,-1,0,-2,1,5,4,11,-3,-3,NA,NA,NA,3.9,3.86,2019
115,Andrelton Simmons\simmoan01,29,LAA,AL,102,98,91,873.1,424,137,276,11,56,0.974,14,19,12,2,14,19,15,0,-1,NA,NA,NA,4.26,4.05,2019
116,Eric Sogard\sogarer01,33,TOR,AL,4,3,2,29,11,6,4,1,0,0.909,0,-4,0,0,0,0,1,-1,0,NA,NA,NA,3.1,2.5,2019
117,Donovan Solano\solando01,31,SFG,NL,19,14,13,144,66,18,46,2,7,0.97,1,8,1,0,-1,-8,-1,0,0,NA,NA,NA,4,3.37,2019
118,Yangervis Solarte\solarya01,31,SFG,NL,4,3,0,24,10,4,5,1,2,0.9,-1,-30,-1,0,1,50,1,0,0,NA,NA,NA,3.38,2.25,2019
119,Cory Spangenberg\spangco01,28,MIL,NL,4,4,0,21,6,2,4,0,0,1,0,6,0,0,0,0,0,0,0,NA,NA,NA,2.57,1.5,2019
120,Eric Stamets\stameer01,27,CLE,AL,15,14,11,118,40,10,28,2,3,0.95,-1,-6,-1,0,1,10,2,0,-1,NA,NA,NA,2.9,2.53,2019
121,Trevor Story\storytr01,26,COL,NL,144,144,133,1257.1,606,182,416,8,90,0.987,15,14,15,0,17,16,13,2,2,NA,NA,NA,4.28,4.15,2019
122,Dee Strange-Gordon\gordode01,31,SEA,AL,2,2,0,13,10,5,4,1,0,0.9,-1,-46,-1,0,0,0,0,0,0,NA,NA,NA,6.23,4.5,2019
123,Myles Straw\strawmy01,24,HOU,AL,26,14,13,170,55,14,41,0,4,1,2,13,3,-1,1,7,2,-1,0,NA,NA,NA,2.91,2.12,2019
124,Dansby Swanson\swansda01,25,ATL,NL,126,123,118,1090.2,496,137,347,12,68,0.976,-1,-1,-1,0,-3,-3,-3,0,0,NA,NA,NA,3.99,3.84,2019
125,Fernando Tatis Jr.\tatisfe02,20,SDP,NL,83,82,79,731.1,323,90,215,18,36,0.944,-14,-23,-12,-2,-2,-3,-1,0,-1,NA,NA,NA,3.75,3.67,2019
126,Chris Taylor\tayloch03,28,LAD,NL,39,30,23,281,111,37,65,9,12,0.919,-5,-22,-4,-1,-1,-4,0,0,-1,NA,NA,NA,3.27,2.62,2019
127,Ruben Tejada\tejadru01,29,NYM,NL,2,0,0,6,2,1,1,0,1,1,0,-20,0,0,0,0,0,0,0,NA,NA,NA,3,1,2019
128,Gleyber Torres\torregl01,22,NYY,AL,77,73,70,659.2,282,91,180,11,40,0.961,5,9,4,1,1,2,0,1,0,NA,NA,NA,3.7,3.52,2019
129,Ronald Torreyes\torrero01,26,MIN,AL,6,3,2,34.1,15,7,7,1,1,0.933,0,-14,0,0,-3,-105,-1,-1,-1,NA,NA,NA,3.67,2.33,2019
130,Wilfredo Tovar\tovarwi01,27,LAA,AL,31,23,17,207,92,29,62,1,12,0.989,1,6,1,0,1,6,0,1,0,NA,NA,NA,3.96,2.94,2019
131,Cole Tucker\tuckeco01,22,PIT,NL,45,36,29,318.2,139,45,92,2,20,0.986,4,14,4,0,-1,-4,-2,1,0,NA,NA,NA,3.87,3.04,2019
132,Troy Tulowitzki\tulowtr01,34,NYY,AL,4,4,3,30,10,3,7,0,0,1,-1,-28,-1,0,-1,-40,-1,0,0,NA,NA,NA,3,2.5,2019
133,Trea Turner\turnetr01,26,WSN,NL,122,122,117,1065.1,441,130,298,13,57,0.971,4,4,4,0,-10,-11,-10,1,-1,NA,NA,NA,3.62,3.51,2019
134,Richard Urena\urenari01,23,TOR,AL,13,10,10,98.1,35,9,25,1,2,0.971,0,5,0,0,0,0,0,0,0,NA,NA,NA,3.11,2.62,2019
135,Luis Urias\uriaslu01,22,SDP,NL,41,39,37,341.2,123,37,77,9,10,0.927,-7,-25,-5,-2,0,0,1,-1,0,NA,NA,NA,3,2.78,2019
136,Pat Valaika\valaipa01,26,COL,NL,7,3,2,34,17,4,12,1,3,0.941,0,-11,0,0,0,0,0,0,0,NA,NA,NA,4.24,2.29,2019
137,Breyvic Valera\valerbr01,27,TOR,AL,2,2,2,18,3,0,3,0,1,1,-1,-40,-1,0,0,0,0,0,0,NA,NA,NA,1.5,1.5,2019
138,Ildemaro Vargas\vargail01,27,ARI,NL,4,1,1,15,12,3,9,0,2,1,0,32,0,0,1,80,1,0,0,NA,NA,NA,7.2,3,2019
139,Jonathan Villar\villajo01,28,BAL,AL,97,73,45,658,282,70,200,12,47,0.957,4,7,3,1,0,0,-3,3,0,NA,NA,NA,3.69,2.78,2019
140,Tyler Wade\wadety01,24,NYY,AL,4,3,0,20,2,0,2,0,0,1,0,-12,0,NA,0,0,0,0,0,NA,NA,NA,0.9,0.5,2019
141,Donovan Walton\waltodo01,25,SEA,AL,5,4,3,37,8,4,4,0,0,1,0,-10,0,0,-1,-32,-1,0,0,NA,NA,NA,1.95,1.6,2019
142,Joey Wendle\wendljo01,29,TBR,AL,10,8,3,70,26,8,18,0,6,1,-2,-39,-2,0,0,0,0,0,0,NA,NA,NA,3.34,2.6,2019
143,Ben Zobrist\zobribe01,38,CHC,NL,1,0,0,2,0,0,0,0,0,NA,0,0,0,NA,0,0,NA,0,NA,NA,NA,NA,0,0,2019
NA,LgAvg,NA,NA,NA,20,18,16,160,71,22,47,2,10,0.971,0,0,0,0,0,0,0,0,0,NA,NA,NA,3.87,3.49,2019
1,Willy Adames\adamewi01,24,TBR,AL,53,51,50,450,193,53,131,9,27,0.953,-4,-10,-3,-1,2,5,3,-1,0,-1,4,-1,3.68,3.47,2020
2,Ehire Adrianza\adriaeh01,30,MIN,AL,9,7,7,65,24,8,16,0,4,1,2,33,2,0,2,37,2,0,0,0,1,1,3.32,2.67,2020
3,Nick Ahmed\ahmedni01,30,ARI,NL,57,56,56,484.1,189,61,121,7,33,0.963,4,11,2,2,4,10,3,1,0,1,-4,6,3.38,3.19,2020
4,Eddy Alvarez\alvared01,30,MIA,NL,1,1,1,9,7,2,5,0,1,1,0,-27,0,0,1,133,1,0,0,0,1,0,7,7,2020
5,Tim Anderson\anderti01,27,CHW,AL,49,49,42,417.1,180,65,109,6,23,0.967,-3,-9,-3,0,2,6,2,0,0,0,4,-2,3.75,3.55,2020
6,Elvis Andrus\andruel01,31,TEX,AL,29,28,27,241.2,97,33,61,3,10,0.969,2,7,2,0,-3,-15,-3,0,0,0,-3,1,3.5,3.24,2020
7,Jonathan Arauz\arauzjo01,21,BOS,AL,4,2,2,20.2,12,2,10,0,4,1,0,23,0,0,0,0,0,0,0,0,0,0,5.23,3,2020
8,Orlando Arcia\arciaor01,25,MIL,NL,57,52,46,439.1,181,58,120,3,26,0.983,-2,-6,-1,-1,-4,-11,-4,-1,1,0,-2,-2,3.65,3.12,2020
9,Christian Arroyo\arroych01,25,BOS,AL,2,1,1,11,3,2,1,0,0,1,-1,-98,-1,NA,-1,-109,-1,0,0,0,-1,0,2.45,1.5,2020
10,Javier Baez\baezja01,27,CHC,NL,56,56,50,469.1,253,86,159,8,34,0.968,7,17,6,1,6,15,5,2,-1,-1,2,4,4.7,4.38,2020
11,Franklin Barreto\barrefr02,24,TOT,MLB,4,1,1,13,6,2,3,1,1,0.833,-1,-55,-1,0,-1,-92,-1,0,0,0,0,-1,3.46,1.25,2020
12,Franklin Barreto\barrefr02,24,OAK,AL,3,0,0,6,3,1,2,0,1,1,0,-40,0,0,0,0,0,0,0,0,0,0,4.5,1,2020
13,Franklin Barreto\barrefr02,24,LAA,AL,1,1,1,7,3,1,1,1,0,0.667,0,-69,0,NA,-1,-171,-1,0,0,0,0,-1,2.57,2,2020
14,Jon Berti\bertijo01,30,MIA,NL,2,2,2,17,8,1,7,0,1,1,1,35,1,0,0,0,0,0,0,0,0,0,4.24,4,2020
15,Bo Bichette\bichebo01,22,TOR,AL,26,26,23,217,103,34,66,3,11,0.971,1,5,1,0,0,0,1,0,-1,0,2,-2,4.15,3.85,2020
16,Xander Bogaerts\bogaexa01,27,BOS,AL,53,52,43,438,194,59,130,5,26,0.974,-8,-21,-7,-1,-4,-11,-4,-1,1,-1,-2,-1,3.88,3.57,2020
17,Harold Castro\castrha01,26,DET,AL,2,2,2,16,7,0,7,0,0,1,0,15,0,0,0,0,0,0,0,0,-1,0,3.94,3.5,2020
18,Willi Castro\castrwi01,23,DET,AL,27,26,25,212.1,85,24,56,5,10,0.941,-6,-34,-5,-1,-8,-45,-7,-1,0,0,-3,-3,3.39,2.96,2020
19,Yu Chang\changyu01,24,CLE,AL,4,0,0,8,5,1,4,0,1,1,0,15,0,0,1,150,1,0,0,NA,0,0,5.63,1.25,2020
20,Matt Chapman\chapmma01,27,OAK,AL,1,1,1,6,3,1,2,0,0,1,-1,-100,-1,0,1,200,0,0,1,0,-1,0,4.5,3,2020
21,Jazz Chisholm\chishja01,22,MIA,NL,9,6,5,51.2,26,7,18,1,3,0.962,1,16,1,0,0,0,0,0,0,0,0,0,4.35,2.78,2020
22,Carlos Correa\correca01,25,HOU,AL,57,56,51,475,212,69,142,1,35,0.995,3,8,2,1,7,18,4,1,2,0,1,3,4,3.7,2020
23,Brandon Crawford\crawfbr01,33,SFG,NL,53,47,45,417.2,201,69,124,8,24,0.96,4,11,5,-1,1,3,3,-1,-1,0,0,2,4.16,3.64,2020
24,J.P. Crawford\crawfjp01,25,SEA,AL,53,53,51,454.2,221,73,145,3,31,0.986,7,19,5,2,6,16,4,2,0,0,-1,6,4.32,4.11,2020
25,Jake Cronenworth\croneja01,26,SDP,NL,11,3,3,47,12,6,5,1,0,0.917,-1,-20,-1,0,-3,-77,-1,-1,-1,0,-1,0,2.11,1,2020
26,Paul DeJong\dejonpa01,26,STL,NL,45,45,44,369,156,52,100,4,24,0.974,-1,-4,-2,1,0,0,0,0,0,0,3,-3,3.71,3.38,2020
27,Wilmer Difo\difowi01,28,WSN,NL,4,0,0,11,6,3,3,0,1,1,-1,-87,-1,0,0,0,0,0,0,0,1,-1,4.91,1.5,2020
28,Brandon Drury\drurybr01,27,TOR,AL,2,1,1,9,3,1,2,0,1,1,0,27,0,0,0,0,0,0,0,0,0,0,3,1.5,2020
29,Mauricio Dubon\dubonma01,25,SFG,NL,8,6,1,48,19,7,11,1,3,0.947,0,-10,0,0,0,0,0,0,0,0,1,0,3.38,2.25,2020
30,Tommy Edman\edmanto01,25,STL,NL,13,12,11,96,37,14,21,2,4,0.946,1,14,0,1,2,25,2,0,0,1,2,0,3.28,2.69,2020
31,Santiago Espinal\espinsa01,25,TOR,AL,21,18,13,156,81,22,57,2,12,0.975,2,14,2,0,1,8,1,0,0,0,3,-1,4.56,3.76,2020
32,Thairo Estrada\estrath01,24,NYY,AL,3,0,0,5,0,0,0,0,0,NA,0,-48,0,NA,0,0,0,0,NA,NA,0,0,0,0,2020
33,Kyle Farmer\farmeky01,29,CIN,NL,15,10,8,85.2,32,11,21,0,7,1,3,36,2,1,2,28,2,0,0,0,1,0,3.36,2.13,2020
34,David Fletcher\fletcda02,26,LAA,AL,27,27,26,233,106,38,65,3,10,0.972,-3,-14,-2,-1,2,10,3,-1,0,0,2,1,3.98,3.81,2020
35,Mike Freeman\freemmi01,32,CLE,AL,3,2,2,20,2,0,2,0,0,1,-1,-30,-1,0,0,0,0,0,0,0,0,0,0.9,0.67,2020
36,Freddy Galvis\galvifr01,30,CIN,NL,33,31,26,261.1,92,29,60,3,9,0.967,0,0,1,-1,-1,-5,-1,0,0,0,-1,0,3.07,2.7,2020
37,José García\garcijo02,22,CIN,NL,21,19,17,157,65,17,46,2,10,0.969,-1,-9,-1,0,-1,-8,-2,0,1,0,0,-2,3.61,3,2020
38,Leury Garcia\garcile02,29,CHW,AL,10,9,8,82,38,11,27,0,6,1,1,13,0,1,2,29,2,0,0,0,2,0,4.17,3.8,2020
39,Luis Garcia\garcilu04,20,WSN,NL,3,1,1,13,9,3,5,1,0,0.889,0,-18,0,0,-1,-92,-1,0,0,0,-2,1,5.54,2.67,2020
40,Andres Gimenez\gimenan01,21,NYM,NL,23,22,15,182,77,33,43,1,9,0.987,-3,-18,-3,0,1,7,1,0,0,0,2,-1,3.76,3.3,2020
41,Ryan Goins\goinsry01,32,CHW,AL,2,0,0,2,1,0,1,0,0,1,0,120,0,NA,0,0,0,0,0,NA,0,0,4.5,0.5,2020
42,Erik Gonzalez\gonzaer01,28,PIT,NL,38,36,34,308.2,116,32,79,5,22,0.957,0,-1,0,0,-2,-8,-2,0,0,0,-2,0,3.24,2.92,2020
43,Niko Goodrum\goodrni01,28,DET,AL,31,30,29,264,117,29,87,1,17,0.991,5,21,5,0,3,14,4,0,-1,0,1,2,3.95,3.74,2020
44,Didi Gregorius\gregodi01,30,PHI,NL,59,56,54,470,218,79,132,7,34,0.968,3,7,2,1,-2,-5,-3,0,1,0,-2,-1,4.04,3.58,2020
45,Luis Guillorme\guilllu01,25,NYM,NL,3,1,1,9,6,2,4,0,1,1,0,53,0,0,0,0,0,0,0,-1,0,0,6,2,2020
46,Garrett Hampson\hampsga01,25,COL,NL,6,2,0,22,12,4,8,0,1,1,-1,-44,-1,0,0,0,0,0,0,0,-1,1,4.91,2,2020
47,Adeiny Hechavarria\hechaad01,31,ATL,NL,4,0,0,11,4,1,3,0,0,1,1,65,1,0,0,0,0,0,0,0,0,0,3.27,1,2020
48,Enrique Hernandez\hernaen02,28,LAD,NL,2,2,0,15,6,3,3,0,1,1,0,-8,0,0,0,0,0,0,0,NA,0,0,3.6,3,2020
49,Nico Hoerner\hoernni01,23,CHC,NL,10,4,4,49,19,4,15,0,3,1,0,2,0,0,0,0,0,0,0,0,-1,1,3.49,1.9,2020
50,José Iglesias\iglesjo01,30,BAL,AL,24,22,13,168,69,24,44,1,6,0.986,1,6,1,0,-2,-14,-2,0,0,0,-2,1,3.64,2.83,2020
51,Isiah Kiner-Falefa\kineris01,25,TEX,AL,15,15,11,121,43,12,31,0,6,1,1,13,1,0,3,30,3,0,0,0,2,2,3.2,2.87,2020
52,Scott Kingery\kingesc01,26,PHI,NL,1,0,0,0.2,0,0,0,0,0,NA,0,0,0,NA,0,0,NA,0,NA,NA,NA,NA,0,0,2020
53,Tzu-Wei Lin\lintz02,26,BOS,AL,12,4,2,43.1,28,12,14,2,8,0.929,1,33,0,1,-1,-28,0,0,-1,0,1,-1,5.4,2.17,2020
54,Francisco Lindor\lindofr01,26,CLE,AL,58,58,53,508,208,79,128,1,30,0.995,2,5,1,1,3,7,3,1,-1,0,-1,4,3.67,3.57,2020
55,Nicky Lopez\lopezni01,25,KCR,AL,4,1,1,20,10,2,8,0,1,1,-2,-126,-2,0,-2,-120,-2,0,0,0,-1,0,4.5,2.5,2020
56,Vimael Machin\machivi01,26,OAK,AL,6,5,5,44,29,9,18,2,2,0.931,-2,-52,-1,-1,-3,-82,-2,-1,0,0,-1,-1,5.52,4.5,2020
57,Ketel Marte\marteke01,26,ARI,NL,2,2,1,16,8,4,3,1,0,0.875,-1,-45,-1,0,0,0,0,0,0,0,0,0,3.94,3.5,2020
58,Jack Mayfield\mayfija01,29,HOU,AL,8,4,3,46,10,3,7,0,0,1,-1,-26,-1,0,0,0,0,0,0,0,0,0,1.96,1.25,2020
59,Ryan McMahon\mcmahry01,25,COL,NL,2,0,0,3,0,0,0,0,0,NA,0,0,0,NA,0,0,0,0,NA,0,0,0,0,0,2020
60,Danny Mendick\mendida01,26,CHW,AL,4,1,1,15,6,2,4,0,2,1,0,16,0,0,0,0,0,0,0,0,0,0,3.6,1.5,2020
61,Jordy Mercer\mercejo03,33,NYY,AL,6,4,3,33,11,7,4,0,1,1,0,-15,0,0,0,0,0,0,0,0,0,0,3,1.83,2020
62,Brad Miller\millebr02,30,STL,NL,2,1,1,8,3,1,2,0,1,1,-1,-120,-1,0,0,0,0,0,0,0,0,0,3.38,1.5,2020
63,Adalberto Mondesi\mondera02,24,KCR,AL,59,59,56,497,233,85,144,4,37,0.983,0,1,-1,1,4,10,3,0,1,0,1,1,4.15,3.88,2020
64,Dylan Moore\mooredy01,27,SEA,AL,3,2,1,17,5,1,3,1,0,0.8,0,-28,0,0,-1,-71,-1,0,0,0,-1,0,2.12,1.33,2020
65,Kevin Newman\newmake01,26,PIT,NL,23,22,20,184.1,71,20,46,5,10,0.93,-3,-20,-2,-1,-3,-20,-3,0,0,0,-1,-2,3.22,2.87,2020
66,Nate Orf\orfna01,30,OAK,AL,3,1,1,8,2,2,0,0,0,1,-2,-270,-2,0,-1,-150,-1,0,0,0,0,-1,2.25,0.67,2020
67,Chris Owings\owingch01,28,COL,NL,1,1,1,9,5,0,5,0,2,1,0,53,0,0,0,0,0,0,0,0,0,0,5,5,2020
68,Joe Panik\panikjo01,29,TOR,AL,14,10,8,94.1,42,13,29,0,5,1,0,4,0,0,-1,-13,-1,0,0,0,0,-1,4.01,3,2020
69,Jose Peraza\perazjo01,26,BOS,AL,3,1,0,11,4,1,3,0,1,1,-1,-98,-1,0,0,0,0,0,0,0,0,0,3.27,1.33,2020
70,Jorge Polanco\polanjo01,26,MIN,AL,53,53,51,448.1,168,49,117,2,17,0.988,1,1,2,-1,-4,-11,-4,-1,1,0,-4,0,3.33,3.13,2020
71,Luis Rengifo\rengilu01,23,LAA,AL,1,0,0,4,2,0,1,1,0,0.5,0,60,0,0,0,0,0,0,0,0,0,0,2.25,1,2020
72,JT Riddle\riddljt01,28,PIT,NL,3,2,2,20,12,6,5,1,2,0.917,0,12,0,0,0,0,0,0,0,NA,0,0,4.95,3.67,2020
73,Yadiel Rivera\riverya01,28,TEX,AL,2,1,1,9,2,0,2,0,0,1,0,-27,0,0,0,0,0,0,0,NA,0,0,2,1,2020
74,Daniel Robertson\roberda10,26,SFG,NL,5,5,4,37,14,6,8,0,3,1,0,-13,0,0,-2,-65,-1,-1,0,0,-1,0,3.41,2.8,2020
75,Brendan Rodgers\rodgebr02,23,COL,NL,1,0,0,1,1,1,0,0,0,1,0,0,0,NA,0,0,0,0,0,NA,0,0,9,1,2020
76,Josh Rojas\rojasjo01,26,ARI,NL,2,2,2,18,4,2,2,0,1,1,-1,-60,-1,0,0,0,0,0,0,NA,0,0,2,2,2020
77,Miguel Rojas\rojasmi02,31,MIA,NL,39,37,34,309,165,49,113,3,30,0.982,8,29,7,1,1,4,1,1,-1,1,-2,3,4.72,4.15,2020
78,Andrew Romine\rominan01,34,TEX,AL,1,0,0,8,3,0,3,0,1,1,0,60,0,0,0,0,0,0,0,0,0,0,3.38,3,2020
79,Amed Rosario\rosaram01,24,NYM,NL,44,37,34,322.1,107,33,72,2,11,0.981,-4,-13,-4,0,-2,-7,-2,0,0,0,0,-2,2.93,2.39,2020
80,Yolmer Sanchez\sanchca01,28,CHW,AL,3,1,1,10.2,4,2,2,0,0,1,0,-34,0,NA,0,0,0,0,0,NA,0,0,3.38,1.33,2020
81,Corey Seager\seageco01,26,LAD,NL,43,43,40,376,167,46,113,8,16,0.952,3,11,4,-1,-2,-6,0,0,-2,0,2,-2,3.81,3.7,2020
82,Jean Segura\segurje01,30,PHI,NL,4,2,0,15.1,11,2,8,1,2,0.909,0,8,0,0,-1,-78,-1,0,0,0,-1,0,5.87,2.5,2020
83,Marcus Semien\semiema01,29,OAK,AL,53,53,47,451.1,213,59,147,7,17,0.967,-3,-8,-1,-2,-6,-16,-4,-2,0,0,-3,-1,4.11,3.89,2020
84,Andrelton Simmons\simmoan01,30,LAA,AL,30,30,30,265.1,100,25,71,4,10,0.96,1,3,1,0,-2,-9,-2,0,0,0,-1,0,3.26,3.2,2020
85,Eric Sogard\sogarer01,34,MIL,NL,7,4,2,40,17,7,9,1,2,0.941,0,3,0,0,0,0,0,0,0,0,2,-1,3.6,2.29,2020
86,Donovan Solano\solando01,32,SFG,NL,2,2,2,15,7,4,3,0,1,1,-1,-96,-1,0,-1,-80,-1,0,0,0,-1,-1,4.2,3.5,2020
87,Elliot Soto\sotoel01,30,LAA,AL,2,2,2,16,7,2,5,0,2,1,0,23,0,0,0,0,0,0,0,0,0,0,3.94,3.5,2020
88,Trevor Story\storytr01,27,COL,NL,57,57,52,491.1,259,88,161,10,49,0.961,2,5,1,1,6,15,5,1,0,0,6,-1,4.56,4.37,2020
89,Dee Strange-Gordon\gordode01,32,SEA,AL,3,2,2,19,6,2,4,0,0,1,0,6,0,0,-1,-63,-1,0,0,0,-1,0,2.84,2,2020
90,Myles Straw\strawmy01,25,HOU,AL,1,0,0,3,0,0,0,0,0,NA,-1,-240,-1,0,-1,-400,-1,0,0,NA,0,-1,0,0,2020
91,Dansby Swanson\swansda01,26,ATL,NL,60,60,56,513.1,228,74,152,2,39,0.991,6,14,3,3,9,21,7,1,1,0,8,-1,3.96,3.77,2020
92,Fernando Tatis Jr.\tatisfe02,21,SDP,NL,57,57,49,473.1,191,72,116,3,32,0.984,-3,-7,-3,0,0,0,1,-1,0,-1,3,0,3.57,3.3,2020
93,Chris Taylor\tayloch03,29,LAD,NL,20,15,15,147.2,52,12,40,0,4,1,2,15,3,-1,1,8,1,0,0,0,0,1,3.17,2.6,2020
94,Anderson Tejeda\tejedan01,22,TEX,AL,18,16,16,137,54,12,39,3,8,0.944,1,10,1,0,3,26,2,1,0,1,-1,2,3.35,2.83,2020
95,Gleyber Torres\torregl01,23,NYY,AL,40,40,35,320.2,135,40,86,9,13,0.933,-2,-8,-1,-1,-9,-34,-6,-2,-1,-1,-5,0,3.54,3.15,2020
96,Ronald Torreyes\torrero01,27,PHI,NL,2,2,1,11,3,0,3,0,0,1,0,-11,0,0,0,0,0,0,0,0,0,0,2.45,1.5,2020
97,Trea Turner\turnetr01,27,WSN,NL,59,59,53,479.2,206,77,120,9,33,0.956,-7,-17,-7,0,-5,-13,-4,0,-1,1,-1,-4,3.7,3.34,2020
98,Luis Urias\uriaslu01,23,MIL,NL,8,4,0,38,14,3,10,1,0,0.929,0,13,0,0,1,32,1,0,0,0,2,-1,3.08,1.63,2020
99,Ramon Urias\uriasra01,26,BAL,AL,5,4,4,35,20,6,11,3,6,0.85,-3,-93,-3,0,-2,-69,-2,0,0,0,-2,0,4.37,3.4,2020
100,Pat Valaika\valaipa01,27,BAL,AL,24,15,10,144.2,56,13,38,5,8,0.911,-3,-23,-3,0,-3,-25,-3,0,0,0,-1,-2,3.17,2.13,2020
101,Andrew Velazquez\velazan01,25,BAL,AL,30,19,12,171,79,25,54,0,8,1,4,28,4,0,3,21,3,0,0,0,2,1,4.16,2.63,2020
102,Jonathan Villar\villajo01,29,TOT,MLB,21,19,18,165.2,56,17,36,3,10,0.946,-3,-22,-3,0,-2,-14,-3,0,1,0,-2,-1,2.88,2.52,2020
103,Jonathan Villar\villajo01,29,MIA,NL,14,14,13,117.1,32,10,21,1,8,0.969,-1,-13,-1,0,-2,-20,-2,0,0,0,-1,-1,2.38,2.21,2020
104,Jonathan Villar\villajo01,29,TOR,AL,7,5,5,48.1,24,7,15,2,2,0.917,-2,-42,-2,0,0,0,-1,0,1,0,-1,0,4.1,3.14,2020
105,Tyler Wade\wadety01,25,NYY,AL,22,16,11,142,47,23,24,0,3,1,0,-1,0,0,0,0,1,-1,0,0,2,-1,2.98,2.14,2020
106,Donovan Walton\waltodo01,26,SEA,AL,4,3,3,26,9,3,6,0,2,1,0,0,0,0,0,0,0,0,0,0,0,0,3.12,2.25,2020
107,Joey Wendle\wendljo01,30,TBR,AL,10,9,7,77.2,38,7,30,1,5,0.974,1,22,1,0,-2,-31,-1,0,-1,0,-1,-1,4.29,3.7,2020
NA,LgAvg,NA,NA,NA,7,7,6,57,25,8,16,1,3,0.971,0,0,0,0,0,0,0,0,0,0,0,0,3.78,3.27,2020
